Date,USD,CAD
11 Oct 2020,1,1.3177
10 Oct 2020,1,1.3177
09 Oct 2020,1,1.3177
08 Oct 2020,1,1.3245
07 Oct 2020,1,1.3288
06 Oct 2020,1,1.3251
05 Oct 2020,1,1.3268
04 Oct 2020,1,1.3302
03 Oct 2020,1,1.3302
02 Oct 2020,1,1.3302
01 Oct 2020,1,1.3288
30 Sep 2020,1,1.3389
29 Sep 2020,1,1.3378
28 Sep 2020,1,1.3385
27 Sep 2020,1,1.3375
26 Sep 2020,1,1.3375
25 Sep 2020,1,1.3375
24 Sep 2020,1,1.3396
23 Sep 2020,1,1.3337
22 Sep 2020,1,1.3314
21 Sep 2020,1,1.3238
20 Sep 2020,1,1.3184
19 Sep 2020,1,1.3184
18 Sep 2020,1,1.3184
17 Sep 2020,1,1.3196
16 Sep 2020,1,1.3167
15 Sep 2020,1,1.3147
14 Sep 2020,1,1.317
13 Sep 2020,1,1.3179
12 Sep 2020,1,1.3179
11 Sep 2020,1,1.3179
10 Sep 2020,1,1.3154
09 Sep 2020,1,1.3219
08 Sep 2020,1,1.3172
07 Sep 2020,1,1.3095
06 Sep 2020,1,1.3096
05 Sep 2020,1,1.3096
04 Sep 2020,1,1.3096
03 Sep 2020,1,1.3114
02 Sep 2020,1,1.3064
01 Sep 2020,1,1.3014
31 Aug 2020,1,1.3066
30 Aug 2020,1,1.3053
29 Aug 2020,1,1.3053
28 Aug 2020,1,1.3053
27 Aug 2020,1,1.3147
26 Aug 2020,1,1.3184
25 Aug 2020,1,1.3202
24 Aug 2020,1,1.3146
23 Aug 2020,1,1.3224
22 Aug 2020,1,1.3224
21 Aug 2020,1,1.3224
20 Aug 2020,1,1.321
19 Aug 2020,1,1.3147
18 Aug 2020,1,1.3163
17 Aug 2020,1,1.3232
16 Aug 2020,1,1.3247
15 Aug 2020,1,1.3247
14 Aug 2020,1,1.3247
13 Aug 2020,1,1.3215
12 Aug 2020,1,1.329
11 Aug 2020,1,1.3287
10 Aug 2020,1,1.338
09 Aug 2020,1,1.3345
08 Aug 2020,1,1.3345
07 Aug 2020,1,1.3345
06 Aug 2020,1,1.3297
05 Aug 2020,1,1.3247
04 Aug 2020,1,1.3407
03 Aug 2020,1,1.3436
02 Aug 2020,1,1.3418
01 Aug 2020,1,1.3418
31 Jul 2020,1,1.3418
30 Jul 2020,1,1.343
29 Jul 2020,1,1.336
28 Jul 2020,1,1.3393
27 Jul 2020,1,1.3375
26 Jul 2020,1,1.342
25 Jul 2020,1,1.342
24 Jul 2020,1,1.342
23 Jul 2020,1,1.3386
22 Jul 2020,1,1.3422
21 Jul 2020,1,1.3457
20 Jul 2020,1,1.3567
19 Jul 2020,1,1.3572
18 Jul 2020,1,1.3572
17 Jul 2020,1,1.3572
16 Jul 2020,1,1.3538
15 Jul 2020,1,1.3568
14 Jul 2020,1,1.3616
13 Jul 2020,1,1.3563
12 Jul 2020,1,1.3601
11 Jul 2020,1,1.3601
10 Jul 2020,1,1.3601
09 Jul 2020,1,1.3502
08 Jul 2020,1,1.359
07 Jul 2020,1,1.3567
06 Jul 2020,1,1.3539
05 Jul 2020,1,1.3572
04 Jul 2020,1,1.3572
03 Jul 2020,1,1.3572
02 Jul 2020,1,1.3595
01 Jul 2020,1,1.3587
30 Jun 2020,1,1.3685
29 Jun 2020,1,1.3656
28 Jun 2020,1,1.3661
27 Jun 2020,1,1.3661
26 Jun 2020,1,1.3661
25 Jun 2020,1,1.3645
24 Jun 2020,1,1.3591
23 Jun 2020,1,1.3491
22 Jun 2020,1,1.3565
21 Jun 2020,1,1.3567
20 Jun 2020,1,1.3567
19 Jun 2020,1,1.3567
18 Jun 2020,1,1.3561
17 Jun 2020,1,1.3536
16 Jun 2020,1,1.3548
15 Jun 2020,1,1.3634
14 Jun 2020,1,1.3577
13 Jun 2020,1,1.3577
12 Jun 2020,1,1.3577
11 Jun 2020,1,1.3501
10 Jun 2020,1,1.3387
09 Jun 2020,1,1.3447
08 Jun 2020,1,1.3404
07 Jun 2020,1,1.3448
06 Jun 2020,1,1.3448
05 Jun 2020,1,1.3448
04 Jun 2020,1,1.3514
03 Jun 2020,1,1.3555
02 Jun 2020,1,1.3519
01 Jun 2020,1,1.3699
31 May 2020,1,1.3721
30 May 2020,1,1.3721
29 May 2020,1,1.3721
28 May 2020,1,1.3757
27 May 2020,1,1.3762
26 May 2020,1,1.3835
25 May 2020,1,1.3988
24 May 2020,1,1.4007
23 May 2020,1,1.4007
22 May 2020,1,1.4007
21 May 2020,1,1.3918
20 May 2020,1,1.3881
19 May 2020,1,1.3928
18 May 2020,1,1.4034
17 May 2020,1,1.4105
16 May 2020,1,1.4105
15 May 2020,1,1.4105
14 May 2020,1,1.4107
13 May 2020,1,1.4017
12 May 2020,1,1.3979
11 May 2020,1,1.3984
10 May 2020,1,1.3943
09 May 2020,1,1.3943
08 May 2020,1,1.3943
07 May 2020,1,1.4075
06 May 2020,1,1.4088
05 May 2020,1,1.4019
04 May 2020,1,1.4065
03 May 2020,1,1.3863
02 May 2020,1,1.3863
01 May 2020,1,1.3863
30 Apr 2020,1,1.3863
29 Apr 2020,1,1.3954
28 Apr 2020,1,1.3955
27 Apr 2020,1,1.4057
26 Apr 2020,1,1.4049
25 Apr 2020,1,1.4049
24 Apr 2020,1,1.4049
23 Apr 2020,1,1.4135
22 Apr 2020,1,1.4148
21 Apr 2020,1,1.4204
20 Apr 2020,1,1.4111
19 Apr 2020,1,1.407
18 Apr 2020,1,1.407
17 Apr 2020,1,1.407
16 Apr 2020,1,1.4106
15 Apr 2020,1,1.406
14 Apr 2020,1,1.3917
13 Apr 2020,1,1.4047
12 Apr 2020,1,1.4047
11 Apr 2020,1,1.4047
10 Apr 2020,1,1.4047
09 Apr 2020,1,1.4047
08 Apr 2020,1,1.4013
07 Apr 2020,1,1.4018
06 Apr 2020,1,1.416
05 Apr 2020,1,1.4185
04 Apr 2020,1,1.4185
03 Apr 2020,1,1.4185
02 Apr 2020,1,1.4167
01 Apr 2020,1,1.4266
31 Mar 2020,1,1.4254
30 Mar 2020,1,1.4162
29 Mar 2020,1,1.414
28 Mar 2020,1,1.414
27 Mar 2020,1,1.414
26 Mar 2020,1,1.4084
25 Mar 2020,1,1.4352
24 Mar 2020,1,1.4494
23 Mar 2020,1,1.4384
22 Mar 2020,1,1.425
21 Mar 2020,1,1.425
20 Mar 2020,1,1.425
19 Mar 2020,1,1.4464
18 Mar 2020,1,1.4404
17 Mar 2020,1,1.4125
16 Mar 2020,1,1.3928
15 Mar 2020,1,1.3859
14 Mar 2020,1,1.3859
13 Mar 2020,1,1.3859
12 Mar 2020,1,1.3811
11 Mar 2020,1,1.3743
10 Mar 2020,1,1.3678
09 Mar 2020,1,1.3629
08 Mar 2020,1,1.342
07 Mar 2020,1,1.342
06 Mar 2020,1,1.342
05 Mar 2020,1,1.3427
04 Mar 2020,1,1.3359
03 Mar 2020,1,1.3364
02 Mar 2020,1,1.3358
01 Mar 2020,1,1.3444
29 Feb 2020,1,1.3444
28 Feb 2020,1,1.3444
27 Feb 2020,1,1.3349
26 Feb 2020,1,1.3305
25 Feb 2020,1,1.3287
24 Feb 2020,1,1.3285
23 Feb 2020,1,1.3258
22 Feb 2020,1,1.3258
21 Feb 2020,1,1.3258
20 Feb 2020,1,1.3257
19 Feb 2020,1,1.3223
18 Feb 2020,1,1.3263
17 Feb 2020,1,1.3229
16 Feb 2020,1,1.3248
15 Feb 2020,1,1.3248
14 Feb 2020,1,1.3248
13 Feb 2020,1,1.3257
12 Feb 2020,1,1.3256
11 Feb 2020,1,1.3297
10 Feb 2020,1,1.3314
09 Feb 2020,1,1.3314
08 Feb 2020,1,1.3314
07 Feb 2020,1,1.3314
06 Feb 2020,1,1.3278
05 Feb 2020,1,1.3285
04 Feb 2020,1,1.3279
03 Feb 2020,1,1.3236
02 Feb 2020,1,1.3235
01 Feb 2020,1,1.3235
31 Jan 2020,1,1.3235
30 Jan 2020,1,1.3217
29 Jan 2020,1,1.3177
28 Jan 2020,1,1.319
27 Jan 2020,1,1.3187
26 Jan 2020,1,1.3132
25 Jan 2020,1,1.3132
24 Jan 2020,1,1.3132
23 Jan 2020,1,1.3163
22 Jan 2020,1,1.3046
21 Jan 2020,1,1.3056
20 Jan 2020,1,1.3069
19 Jan 2020,1,1.3052
18 Jan 2020,1,1.3052
17 Jan 2020,1,1.3052
16 Jan 2020,1,1.3035
15 Jan 2020,1,1.3072
14 Jan 2020,1,1.3071
13 Jan 2020,1,1.3045
12 Jan 2020,1,1.3072
11 Jan 2020,1,1.3072
10 Jan 2020,1,1.3072
09 Jan 2020,1,1.3056
08 Jan 2020,1,1.3018
07 Jan 2020,1,1.2997
06 Jan 2020,1,1.2976
05 Jan 2020,1,1.2982
04 Jan 2020,1,1.2982
03 Jan 2020,1,1.2982
02 Jan 2020,1,1.2998
01 Jan 2020,1,1.2994
31 Dec 2019,1,1.2994
30 Dec 2019,1,1.3067
29 Dec 2019,1,1.3083
28 Dec 2019,1,1.3083
27 Dec 2019,1,1.3083
26 Dec 2019,1,1.3161
25 Dec 2019,1,1.3161
24 Dec 2019,1,1.3161
23 Dec 2019,1,1.3162
22 Dec 2019,1,1.3138
21 Dec 2019,1,1.3138
20 Dec 2019,1,1.3138
19 Dec 2019,1,1.3122
18 Dec 2019,1,1.3157
17 Dec 2019,1,1.3161
16 Dec 2019,1,1.3118
15 Dec 2019,1,1.3166
14 Dec 2019,1,1.3166
13 Dec 2019,1,1.3166
12 Dec 2019,1,1.3178
11 Dec 2019,1,1.3238
10 Dec 2019,1,1.324
09 Dec 2019,1,1.3251
08 Dec 2019,1,1.3176
07 Dec 2019,1,1.3176
06 Dec 2019,1,1.3176
05 Dec 2019,1,1.3169
04 Dec 2019,1,1.3272
03 Dec 2019,1,1.332
02 Dec 2019,1,1.3296
01 Dec 2019,1,1.3307
30 Nov 2019,1,1.3307
29 Nov 2019,1,1.3307
28 Nov 2019,1,1.3289
27 Nov 2019,1,1.3266
26 Nov 2019,1,1.3306
25 Nov 2019,1,1.3307
24 Nov 2019,1,1.3275
23 Nov 2019,1,1.3275
22 Nov 2019,1,1.3275
21 Nov 2019,1,1.3307
20 Nov 2019,1,1.3302
19 Nov 2019,1,1.321
18 Nov 2019,1,1.3219
17 Nov 2019,1,1.3239
16 Nov 2019,1,1.3239
15 Nov 2019,1,1.3239
14 Nov 2019,1,1.3265
13 Nov 2019,1,1.3258
12 Nov 2019,1,1.3244
11 Nov 2019,1,1.323
10 Nov 2019,1,1.3196
09 Nov 2019,1,1.3196
08 Nov 2019,1,1.3196
07 Nov 2019,1,1.3167
06 Nov 2019,1,1.3164
05 Nov 2019,1,1.3128
04 Nov 2019,1,1.3156
03 Nov 2019,1,1.3181
02 Nov 2019,1,1.3181
01 Nov 2019,1,1.3181
31 Oct 2019,1,1.3155
30 Oct 2019,1,1.3087
29 Oct 2019,1,1.3056
28 Oct 2019,1,1.3067
27 Oct 2019,1,1.3065
26 Oct 2019,1,1.3065
25 Oct 2019,1,1.3065
24 Oct 2019,1,1.3071
23 Oct 2019,1,1.3088
22 Oct 2019,1,1.3101
21 Oct 2019,1,1.3106
20 Oct 2019,1,1.3136
19 Oct 2019,1,1.3136
18 Oct 2019,1,1.3136
17 Oct 2019,1,1.3177
16 Oct 2019,1,1.3209
15 Oct 2019,1,1.323
14 Oct 2019,1,1.3214
13 Oct 2019,1,1.3293
12 Oct 2019,1,1.3293
11 Oct 2019,1,1.3293
10 Oct 2019,1,1.3307
09 Oct 2019,1,1.3302
08 Oct 2019,1,1.3311
07 Oct 2019,1,1.3311
06 Oct 2019,1,1.3309
05 Oct 2019,1,1.3309
04 Oct 2019,1,1.3309
03 Oct 2019,1,1.3338
02 Oct 2019,1,1.3242
01 Oct 2019,1,1.3274
30 Sep 2019,1,1.3248
29 Sep 2019,1,1.3254
28 Sep 2019,1,1.3254
27 Sep 2019,1,1.3254
26 Sep 2019,1,1.324
25 Sep 2019,1,1.3276
24 Sep 2019,1,1.3256
23 Sep 2019,1,1.3278
22 Sep 2019,1,1.3269
21 Sep 2019,1,1.3269
20 Sep 2019,1,1.3269
19 Sep 2019,1,1.327
18 Sep 2019,1,1.325
17 Sep 2019,1,1.326
16 Sep 2019,1,1.3253
15 Sep 2019,1,1.3215
14 Sep 2019,1,1.3215
13 Sep 2019,1,1.3215
12 Sep 2019,1,1.3197
11 Sep 2019,1,1.3149
10 Sep 2019,1,1.3167
09 Sep 2019,1,1.3156
08 Sep 2019,1,1.3225
07 Sep 2019,1,1.3225
06 Sep 2019,1,1.3225
05 Sep 2019,1,1.3205
04 Sep 2019,1,1.3323
03 Sep 2019,1,1.3374
02 Sep 2019,1,1.3341
01 Sep 2019,1,1.3282
31 Aug 2019,1,1.3282
30 Aug 2019,1,1.3282
29 Aug 2019,1,1.3276
28 Aug 2019,1,1.3312
27 Aug 2019,1,1.3229
26 Aug 2019,1,1.3303
25 Aug 2019,1,1.3322
24 Aug 2019,1,1.3322
23 Aug 2019,1,1.3322
22 Aug 2019,1,1.3283
21 Aug 2019,1,1.3293
20 Aug 2019,1,1.3328
19 Aug 2019,1,1.3266
18 Aug 2019,1,1.3299
17 Aug 2019,1,1.3299
16 Aug 2019,1,1.3299
15 Aug 2019,1,1.331
14 Aug 2019,1,1.3293
13 Aug 2019,1,1.3268
12 Aug 2019,1,1.3228
11 Aug 2019,1,1.3213
10 Aug 2019,1,1.3213
09 Aug 2019,1,1.3213
08 Aug 2019,1,1.3289
07 Aug 2019,1,1.3319
06 Aug 2019,1,1.3216
05 Aug 2019,1,1.3213
04 Aug 2019,1,1.3234
03 Aug 2019,1,1.3234
02 Aug 2019,1,1.3234
01 Aug 2019,1,1.323
31 Jul 2019,1,1.3149
30 Jul 2019,1,1.3171
29 Jul 2019,1,1.3171
28 Jul 2019,1,1.318
27 Jul 2019,1,1.318
26 Jul 2019,1,1.318
25 Jul 2019,1,1.3127
24 Jul 2019,1,1.313
23 Jul 2019,1,1.3149
22 Jul 2019,1,1.3076
21 Jul 2019,1,1.3055
20 Jul 2019,1,1.3055
19 Jul 2019,1,1.3055
18 Jul 2019,1,1.3062
17 Jul 2019,1,1.3066
16 Jul 2019,1,1.3047
15 Jul 2019,1,1.303
14 Jul 2019,1,1.3034
13 Jul 2019,1,1.3034
12 Jul 2019,1,1.3034
11 Jul 2019,1,1.3057
10 Jul 2019,1,1.3113
09 Jul 2019,1,1.3124
08 Jul 2019,1,1.3056
07 Jul 2019,1,1.3066
06 Jul 2019,1,1.3066
05 Jul 2019,1,1.3066
04 Jul 2019,1,1.3066
03 Jul 2019,1,1.31
02 Jul 2019,1,1.3113
01 Jul 2019,1,1.3099
30 Jun 2019,1,1.3087
29 Jun 2019,1,1.3087
28 Jun 2019,1,1.3087
27 Jun 2019,1,1.3129
26 Jun 2019,1,1.3155
25 Jun 2019,1,1.3173
24 Jun 2019,1,1.3191
23 Jun 2019,1,1.3192
22 Jun 2019,1,1.3192
21 Jun 2019,1,1.3192
20 Jun 2019,1,1.3165
19 Jun 2019,1,1.3376
18 Jun 2019,1,1.3423
17 Jun 2019,1,1.3414
16 Jun 2019,1,1.3332
15 Jun 2019,1,1.3332
14 Jun 2019,1,1.3332
13 Jun 2019,1,1.3306
12 Jun 2019,1,1.3299
11 Jun 2019,1,1.3253
10 Jun 2019,1,1.3277
09 Jun 2019,1,1.336
08 Jun 2019,1,1.336
07 Jun 2019,1,1.336
06 Jun 2019,1,1.34
05 Jun 2019,1,1.3387
04 Jun 2019,1,1.3439
03 Jun 2019,1,1.3498
02 Jun 2019,1,1.3555
01 Jun 2019,1,1.3555
31 May 2019,1,1.3555
30 May 2019,1,1.3498
29 May 2019,1,1.3504
28 May 2019,1,1.3466
27 May 2019,1,1.345
26 May 2019,1,1.3456
25 May 2019,1,1.3456
24 May 2019,1,1.3456
23 May 2019,1,1.3466
22 May 2019,1,1.3385
21 May 2019,1,1.3409
20 May 2019,1,1.3432
19 May 2019,1,1.3493
18 May 2019,1,1.3493
17 May 2019,1,1.3493
16 May 2019,1,1.3424
15 May 2019,1,1.348
14 May 2019,1,1.3466
13 May 2019,1,1.3443
12 May 2019,1,1.3475
11 May 2019,1,1.3475
10 May 2019,1,1.3475
09 May 2019,1,1.3484
08 May 2019,1,1.3457
07 May 2019,1,1.3469
06 May 2019,1,1.3479
05 May 2019,1,1.3464
04 May 2019,1,1.3464
03 May 2019,1,1.3464
02 May 2019,1,1.3436
01 May 2019,1,1.3438
30 Apr 2019,1,1.3438
29 Apr 2019,1,1.3478
28 Apr 2019,1,1.3491
27 Apr 2019,1,1.3491
26 Apr 2019,1,1.3491
25 Apr 2019,1,1.3506
24 Apr 2019,1,1.3452
23 Apr 2019,1,1.339
22 Apr 2019,1,1.3391
21 Apr 2019,1,1.3391
20 Apr 2019,1,1.3391
19 Apr 2019,1,1.3391
18 Apr 2019,1,1.3391
17 Apr 2019,1,1.3335
16 Apr 2019,1,1.3366
15 Apr 2019,1,1.3312
14 Apr 2019,1,1.3322
13 Apr 2019,1,1.3322
12 Apr 2019,1,1.3322
11 Apr 2019,1,1.3376
10 Apr 2019,1,1.3327
09 Apr 2019,1,1.3287
08 Apr 2019,1,1.3375
07 Apr 2019,1,1.338
06 Apr 2019,1,1.338
05 Apr 2019,1,1.338
04 Apr 2019,1,1.3359
03 Apr 2019,1,1.331
02 Apr 2019,1,1.3321
01 Apr 2019,1,1.3355
31 Mar 2019,1,1.3351
30 Mar 2019,1,1.3351
29 Mar 2019,1,1.3351
28 Mar 2019,1,1.343
27 Mar 2019,1,1.341
26 Mar 2019,1,1.3402
25 Mar 2019,1,1.3425
24 Mar 2019,1,1.3409
23 Mar 2019,1,1.3409
22 Mar 2019,1,1.3409
21 Mar 2019,1,1.3339
20 Mar 2019,1,1.3321
19 Mar 2019,1,1.3259
18 Mar 2019,1,1.3335
17 Mar 2019,1,1.3369
16 Mar 2019,1,1.3369
15 Mar 2019,1,1.3369
14 Mar 2019,1,1.3346
13 Mar 2019,1,1.3348
12 Mar 2019,1,1.3402
11 Mar 2019,1,1.3423
10 Mar 2019,1,1.3455
09 Mar 2019,1,1.3455
08 Mar 2019,1,1.3455
07 Mar 2019,1,1.3425
06 Mar 2019,1,1.3382
05 Mar 2019,1,1.3343
04 Mar 2019,1,1.3312
03 Mar 2019,1,1.3152
02 Mar 2019,1,1.3152
01 Mar 2019,1,1.3152
28 Feb 2019,1,1.3176
27 Feb 2019,1,1.3141
26 Feb 2019,1,1.3224
25 Feb 2019,1,1.3143
24 Feb 2019,1,1.3224
23 Feb 2019,1,1.3224
22 Feb 2019,1,1.3224
21 Feb 2019,1,1.3168
20 Feb 2019,1,1.3186
19 Feb 2019,1,1.3247
18 Feb 2019,1,1.3234
17 Feb 2019,1,1.3285
16 Feb 2019,1,1.3285
15 Feb 2019,1,1.3285
14 Feb 2019,1,1.3267
13 Feb 2019,1,1.3244
12 Feb 2019,1,1.3252
11 Feb 2019,1,1.3268
10 Feb 2019,1,1.3307
09 Feb 2019,1,1.3307
08 Feb 2019,1,1.3307
07 Feb 2019,1,1.3266
06 Feb 2019,1,1.3182
05 Feb 2019,1,1.3128
04 Feb 2019,1,1.3116
03 Feb 2019,1,1.3142
02 Feb 2019,1,1.3142
01 Feb 2019,1,1.3142
31 Jan 2019,1,1.3152
30 Jan 2019,1,1.3222
29 Jan 2019,1,1.3257
28 Jan 2019,1,1.3238
27 Jan 2019,1,1.3315
26 Jan 2019,1,1.3315
25 Jan 2019,1,1.3315
24 Jan 2019,1,1.3367
23 Jan 2019,1,1.3312
22 Jan 2019,1,1.3324
21 Jan 2019,1,1.3305
20 Jan 2019,1,1.3273
19 Jan 2019,1,1.3273
18 Jan 2019,1,1.3273
17 Jan 2019,1,1.3297
16 Jan 2019,1,1.3259
15 Jan 2019,1,1.3265
14 Jan 2019,1,1.3278
13 Jan 2019,1,1.322
12 Jan 2019,1,1.322
11 Jan 2019,1,1.322
10 Jan 2019,1,1.3221
09 Jan 2019,1,1.3245
08 Jan 2019,1,1.3294
07 Jan 2019,1,1.3352
06 Jan 2019,1,1.3442
05 Jan 2019,1,1.3442
04 Jan 2019,1,1.3442
03 Jan 2019,1,1.3564
02 Jan 2019,1,1.3641
01 Jan 2019,1,1.3629
31 Dec 2018,1,1.3629
30 Dec 2018,1,1.3621
29 Dec 2018,1,1.3621
28 Dec 2018,1,1.3621
27 Dec 2018,1,1.3624
26 Dec 2018,1,1.3592
25 Dec 2018,1,1.3592
24 Dec 2018,1,1.3592
23 Dec 2018,1,1.3544
22 Dec 2018,1,1.3544
21 Dec 2018,1,1.3544
20 Dec 2018,1,1.347
19 Dec 2018,1,1.3443
18 Dec 2018,1,1.3403
17 Dec 2018,1,1.3393
16 Dec 2018,1,1.3376
15 Dec 2018,1,1.3376
14 Dec 2018,1,1.3376
13 Dec 2018,1,1.3361
12 Dec 2018,1,1.337
11 Dec 2018,1,1.3392
10 Dec 2018,1,1.332
09 Dec 2018,1,1.3394
08 Dec 2018,1,1.3394
07 Dec 2018,1,1.3394
06 Dec 2018,1,1.3416
05 Dec 2018,1,1.3278
04 Dec 2018,1,1.3175
03 Dec 2018,1,1.3176
02 Dec 2018,1,1.3308
01 Dec 2018,1,1.3308
30 Nov 2018,1,1.3308
29 Nov 2018,1,1.3276
28 Nov 2018,1,1.3325
27 Nov 2018,1,1.3257
26 Nov 2018,1,1.321
25 Nov 2018,1,1.323
24 Nov 2018,1,1.323
23 Nov 2018,1,1.323
22 Nov 2018,1,1.3219
21 Nov 2018,1,1.3274
20 Nov 2018,1,1.3196
19 Nov 2018,1,1.3175
18 Nov 2018,1,1.3181
17 Nov 2018,1,1.3181
16 Nov 2018,1,1.3181
15 Nov 2018,1,1.3223
14 Nov 2018,1,1.3223
13 Nov 2018,1,1.3221
12 Nov 2018,1,1.3203
11 Nov 2018,1,1.3193
10 Nov 2018,1,1.3193
09 Nov 2018,1,1.3193
08 Nov 2018,1,1.3106
07 Nov 2018,1,1.3075
06 Nov 2018,1,1.3122
05 Nov 2018,1,1.3093
04 Nov 2018,1,1.31
03 Nov 2018,1,1.31
02 Nov 2018,1,1.31
01 Nov 2018,1,1.3082
31 Oct 2018,1,1.3126
30 Oct 2018,1,1.3138
29 Oct 2018,1,1.3107
28 Oct 2018,1,1.3148
27 Oct 2018,1,1.3148
26 Oct 2018,1,1.3148
25 Oct 2018,1,1.3046
24 Oct 2018,1,1.3083
23 Oct 2018,1,1.3109
22 Oct 2018,1,1.3089
21 Oct 2018,1,1.3031
20 Oct 2018,1,1.3031
19 Oct 2018,1,1.3031
18 Oct 2018,1,1.3046
17 Oct 2018,1,1.2972
16 Oct 2018,1,1.2954
15 Oct 2018,1,1.3026
14 Oct 2018,1,1.3007
13 Oct 2018,1,1.3007
12 Oct 2018,1,1.3007
11 Oct 2018,1,1.3047
10 Oct 2018,1,1.2963
09 Oct 2018,1,1.2996
08 Oct 2018,1,1.2994
07 Oct 2018,1,1.2917
06 Oct 2018,1,1.2917
05 Oct 2018,1,1.2917
04 Oct 2018,1,1.2867
03 Oct 2018,1,1.2833
02 Oct 2018,1,1.2817
01 Oct 2018,1,1.281
30 Sep 2018,1,1.3013
29 Sep 2018,1,1.3013
28 Sep 2018,1,1.3013
27 Sep 2018,1,1.307
26 Sep 2018,1,1.2962
25 Sep 2018,1,1.2959
24 Sep 2018,1,1.2937
23 Sep 2018,1,1.2924
22 Sep 2018,1,1.2924
21 Sep 2018,1,1.2924
20 Sep 2018,1,1.2893
19 Sep 2018,1,1.2973
18 Sep 2018,1,1.3026
17 Sep 2018,1,1.3018
16 Sep 2018,1,1.3009
15 Sep 2018,1,1.3009
14 Sep 2018,1,1.3009
13 Sep 2018,1,1.3005
12 Sep 2018,1,1.3066
11 Sep 2018,1,1.316
10 Sep 2018,1,1.3195
09 Sep 2018,1,1.3119
08 Sep 2018,1,1.3119
07 Sep 2018,1,1.3119
06 Sep 2018,1,1.3184
05 Sep 2018,1,1.3178
04 Sep 2018,1,1.3176
03 Sep 2018,1,1.3072
02 Sep 2018,1,1.3039
01 Sep 2018,1,1.3039
31 Aug 2018,1,1.3039
30 Aug 2018,1,1.2929
29 Aug 2018,1,1.2944
28 Aug 2018,1,1.2919
27 Aug 2018,1,1.3051
26 Aug 2018,1,1.3068
25 Aug 2018,1,1.3068
24 Aug 2018,1,1.3068
23 Aug 2018,1,1.3031
22 Aug 2018,1,1.3022
21 Aug 2018,1,1.3022
20 Aug 2018,1,1.3071
19 Aug 2018,1,1.3147
18 Aug 2018,1,1.3147
17 Aug 2018,1,1.3147
16 Aug 2018,1,1.3142
15 Aug 2018,1,1.3102
14 Aug 2018,1,1.3071
13 Aug 2018,1,1.3151
12 Aug 2018,1,1.3095
11 Aug 2018,1,1.3095
10 Aug 2018,1,1.3095
09 Aug 2018,1,1.3035
08 Aug 2018,1,1.308
07 Aug 2018,1,1.2969
06 Aug 2018,1,1.3023
05 Aug 2018,1,1.3018
04 Aug 2018,1,1.3018
03 Aug 2018,1,1.3018
02 Aug 2018,1,1.3036
01 Aug 2018,1,1.3022
31 Jul 2018,1,1.3035
30 Jul 2018,1,1.3048
29 Jul 2018,1,1.3069
28 Jul 2018,1,1.3069
27 Jul 2018,1,1.3069
26 Jul 2018,1,1.3048
25 Jul 2018,1,1.3123
24 Jul 2018,1,1.315
23 Jul 2018,1,1.3133
22 Jul 2018,1,1.3233
21 Jul 2018,1,1.3233
20 Jul 2018,1,1.3233
19 Jul 2018,1,1.3247
18 Jul 2018,1,1.3254
17 Jul 2018,1,1.3157
16 Jul 2018,1,1.3139
15 Jul 2018,1,1.3191
14 Jul 2018,1,1.3191
13 Jul 2018,1,1.3191
12 Jul 2018,1,1.3183
11 Jul 2018,1,1.3141
10 Jul 2018,1,1.3132
09 Jul 2018,1,1.3076
08 Jul 2018,1,1.3133
07 Jul 2018,1,1.3133
06 Jul 2018,1,1.3133
05 Jul 2018,1,1.313
04 Jul 2018,1,1.3147
03 Jul 2018,1,1.3154
02 Jul 2018,1,1.3182
01 Jul 2018,1,1.3246
30 Jun 2018,1,1.3246
29 Jun 2018,1,1.3246
28 Jun 2018,1,1.3294
27 Jun 2018,1,1.3295
26 Jun 2018,1,1.3322
25 Jun 2018,1,1.3284
24 Jun 2018,1,1.3272
23 Jun 2018,1,1.3272
22 Jun 2018,1,1.3272
21 Jun 2018,1,1.3331
20 Jun 2018,1,1.3299
19 Jun 2018,1,1.3282
18 Jun 2018,1,1.3181
17 Jun 2018,1,1.3128
16 Jun 2018,1,1.3128
15 Jun 2018,1,1.3128
14 Jun 2018,1,1.2977
13 Jun 2018,1,1.3017
12 Jun 2018,1,1.3009
11 Jun 2018,1,1.3018
10 Jun 2018,1,1.2995
09 Jun 2018,1,1.2995
08 Jun 2018,1,1.2995
07 Jun 2018,1,1.2938
06 Jun 2018,1,1.2877
05 Jun 2018,1,1.2983
04 Jun 2018,1,1.2906
03 Jun 2018,1,1.2976
02 Jun 2018,1,1.2976
01 Jun 2018,1,1.2976
31 May 2018,1,1.2854
30 May 2018,1,1.2975
29 May 2018,1,1.3028
28 May 2018,1,1.298
27 May 2018,1,1.2956
26 May 2018,1,1.2956
25 May 2018,1,1.2956
24 May 2018,1,1.2885
23 May 2018,1,1.2905
22 May 2018,1,1.2774
21 May 2018,1,1.2874
20 May 2018,1,1.2795
19 May 2018,1,1.2795
18 May 2018,1,1.2795
17 May 2018,1,1.2772
16 May 2018,1,1.2866
15 May 2018,1,1.2836
14 May 2018,1,1.2764
13 May 2018,1,1.2734
12 May 2018,1,1.2734
11 May 2018,1,1.2734
10 May 2018,1,1.2773
09 May 2018,1,1.2879
08 May 2018,1,1.2972
07 May 2018,1,1.2887
06 May 2018,1,1.2875
05 May 2018,1,1.2875
04 May 2018,1,1.2875
03 May 2018,1,1.2845
02 May 2018,1,1.2827
01 May 2018,1,1.2867
30 Apr 2018,1,1.2867
29 Apr 2018,1,1.2882
28 Apr 2018,1,1.2882
27 Apr 2018,1,1.2882
26 Apr 2018,1,1.2835
25 Apr 2018,1,1.2888
24 Apr 2018,1,1.2824
23 Apr 2018,1,1.2787
22 Apr 2018,1,1.2639
21 Apr 2018,1,1.2639
20 Apr 2018,1,1.2639
19 Apr 2018,1,1.2604
18 Apr 2018,1,1.257
17 Apr 2018,1,1.2552
16 Apr 2018,1,1.2608
15 Apr 2018,1,1.257
14 Apr 2018,1,1.257
13 Apr 2018,1,1.257
12 Apr 2018,1,1.2592
11 Apr 2018,1,1.2617
10 Apr 2018,1,1.2657
09 Apr 2018,1,1.2781
08 Apr 2018,1,1.2792
07 Apr 2018,1,1.2792
06 Apr 2018,1,1.2792
05 Apr 2018,1,1.2772
04 Apr 2018,1,1.2835
03 Apr 2018,1,1.2852
02 Apr 2018,1,1.2901
01 Apr 2018,1,1.2901
31 Mar 2018,1,1.2901
30 Mar 2018,1,1.2901
29 Mar 2018,1,1.2901
28 Mar 2018,1,1.2884
27 Mar 2018,1,1.2887
26 Mar 2018,1,1.2889
25 Mar 2018,1,1.2853
24 Mar 2018,1,1.2853
23 Mar 2018,1,1.2853
22 Mar 2018,1,1.2901
21 Mar 2018,1,1.298
20 Mar 2018,1,1.3066
19 Mar 2018,1,1.3084
18 Mar 2018,1,1.3078
17 Mar 2018,1,1.3078
16 Mar 2018,1,1.3078
15 Mar 2018,1,1.2985
14 Mar 2018,1,1.293
13 Mar 2018,1,1.2837
12 Mar 2018,1,1.2829
11 Mar 2018,1,1.2894
10 Mar 2018,1,1.2894
09 Mar 2018,1,1.2894
08 Mar 2018,1,1.2917
07 Mar 2018,1,1.2931
06 Mar 2018,1,1.2886
05 Mar 2018,1,1.2931
04 Mar 2018,1,1.288
03 Mar 2018,1,1.288
02 Mar 2018,1,1.288
01 Mar 2018,1,1.2862
28 Feb 2018,1,1.2779
27 Feb 2018,1,1.272
26 Feb 2018,1,1.2676
25 Feb 2018,1,1.2695
24 Feb 2018,1,1.2695
23 Feb 2018,1,1.2695
22 Feb 2018,1,1.2699
21 Feb 2018,1,1.2671
20 Feb 2018,1,1.2604
19 Feb 2018,1,1.2564
18 Feb 2018,1,1.2506
17 Feb 2018,1,1.2506
16 Feb 2018,1,1.2506
15 Feb 2018,1,1.249
14 Feb 2018,1,1.2575
13 Feb 2018,1,1.2604
12 Feb 2018,1,1.258
11 Feb 2018,1,1.2609
10 Feb 2018,1,1.2609
09 Feb 2018,1,1.2609
08 Feb 2018,1,1.2571
07 Feb 2018,1,1.2518
06 Feb 2018,1,1.2562
05 Feb 2018,1,1.2434
04 Feb 2018,1,1.2317
03 Feb 2018,1,1.2317
02 Feb 2018,1,1.2317
01 Feb 2018,1,1.2319
31 Jan 2018,1,1.2274
30 Jan 2018,1,1.2321
29 Jan 2018,1,1.2335
28 Jan 2018,1,1.2323
27 Jan 2018,1,1.2323
26 Jan 2018,1,1.2323
25 Jan 2018,1,1.2323
24 Jan 2018,1,1.2329
23 Jan 2018,1,1.2482
22 Jan 2018,1,1.2477
21 Jan 2018,1,1.2441
20 Jan 2018,1,1.2441
19 Jan 2018,1,1.2441
18 Jan 2018,1,1.2447
17 Jan 2018,1,1.2444
16 Jan 2018,1,1.2424
15 Jan 2018,1,1.2432
14 Jan 2018,1,1.2519
13 Jan 2018,1,1.2519
12 Jan 2018,1,1.2519
11 Jan 2018,1,1.256
10 Jan 2018,1,1.2451
09 Jan 2018,1,1.2425
08 Jan 2018,1,1.2428
07 Jan 2018,1,1.251
06 Jan 2018,1,1.251
05 Jan 2018,1,1.251
04 Jan 2018,1,1.2527
03 Jan 2018,1,1.2515
02 Jan 2018,1,1.2539
01 Jan 2018,1,1.254
31 Dec 2017,1,1.254
30 Dec 2017,1,1.254
29 Dec 2017,1,1.254
28 Dec 2017,1,1.261
27 Dec 2017,1,1.2634
26 Dec 2017,1,1.2703
25 Dec 2017,1,1.2703
24 Dec 2017,1,1.2703
23 Dec 2017,1,1.2703
22 Dec 2017,1,1.2703
21 Dec 2017,1,1.2804
20 Dec 2017,1,1.285
19 Dec 2017,1,1.2862
18 Dec 2017,1,1.2874
17 Dec 2017,1,1.2765
16 Dec 2017,1,1.2765
15 Dec 2017,1,1.2765
14 Dec 2017,1,1.2829
13 Dec 2017,1,1.286
12 Dec 2017,1,1.2832
11 Dec 2017,1,1.2859
10 Dec 2017,1,1.2836
09 Dec 2017,1,1.2836
08 Dec 2017,1,1.2836
07 Dec 2017,1,1.2838
06 Dec 2017,1,1.2662
05 Dec 2017,1,1.2633
04 Dec 2017,1,1.2671
03 Dec 2017,1,1.2874
02 Dec 2017,1,1.2874
01 Dec 2017,1,1.2874
30 Nov 2017,1,1.2885
29 Nov 2017,1,1.2832
28 Nov 2017,1,1.2793
27 Nov 2017,1,1.2681
26 Nov 2017,1,1.2708
25 Nov 2017,1,1.2708
24 Nov 2017,1,1.2708
23 Nov 2017,1,1.2681
22 Nov 2017,1,1.2741
21 Nov 2017,1,1.2806
20 Nov 2017,1,1.2788
19 Nov 2017,1,1.2762
18 Nov 2017,1,1.2762
17 Nov 2017,1,1.2762
16 Nov 2017,1,1.2764
15 Nov 2017,1,1.2756
14 Nov 2017,1,1.2714
13 Nov 2017,1,1.2705
12 Nov 2017,1,1.267
11 Nov 2017,1,1.267
10 Nov 2017,1,1.267
09 Nov 2017,1,1.2708
08 Nov 2017,1,1.2729
07 Nov 2017,1,1.2767
06 Nov 2017,1,1.2758
05 Nov 2017,1,1.2722
04 Nov 2017,1,1.2722
03 Nov 2017,1,1.2722
02 Nov 2017,1,1.2847
01 Nov 2017,1,1.2906
31 Oct 2017,1,1.2892
30 Oct 2017,1,1.2847
29 Oct 2017,1,1.2892
28 Oct 2017,1,1.2892
27 Oct 2017,1,1.2892
26 Oct 2017,1,1.2798
25 Oct 2017,1,1.2697
24 Oct 2017,1,1.2648
23 Oct 2017,1,1.2636
22 Oct 2017,1,1.2494
21 Oct 2017,1,1.2494
20 Oct 2017,1,1.2494
19 Oct 2017,1,1.2458
18 Oct 2017,1,1.2529
17 Oct 2017,1,1.2536
16 Oct 2017,1,1.2539
15 Oct 2017,1,1.2499
14 Oct 2017,1,1.2499
13 Oct 2017,1,1.2499
12 Oct 2017,1,1.247
11 Oct 2017,1,1.2509
10 Oct 2017,1,1.2499
09 Oct 2017,1,1.2541
08 Oct 2017,1,1.2575
07 Oct 2017,1,1.2575
06 Oct 2017,1,1.2575
05 Oct 2017,1,1.2481
04 Oct 2017,1,1.2453
03 Oct 2017,1,1.2501
02 Oct 2017,1,1.2511
01 Oct 2017,1,1.244
30 Sep 2017,1,1.244
29 Sep 2017,1,1.244
28 Sep 2017,1,1.2467
27 Sep 2017,1,1.2396
26 Sep 2017,1,1.2391
25 Sep 2017,1,1.2328
24 Sep 2017,1,1.2269
23 Sep 2017,1,1.2269
22 Sep 2017,1,1.2269
21 Sep 2017,1,1.2358
20 Sep 2017,1,1.2244
19 Sep 2017,1,1.229
18 Sep 2017,1,1.2204
17 Sep 2017,1,1.2137
16 Sep 2017,1,1.2137
15 Sep 2017,1,1.2137
14 Sep 2017,1,1.2201
13 Sep 2017,1,1.214
12 Sep 2017,1,1.2132
11 Sep 2017,1,1.2121
10 Sep 2017,1,1.2087
09 Sep 2017,1,1.2087
08 Sep 2017,1,1.2087
07 Sep 2017,1,1.2185
06 Sep 2017,1,1.2394
05 Sep 2017,1,1.239
04 Sep 2017,1,1.241
03 Sep 2017,1,1.2441
02 Sep 2017,1,1.2441
01 Sep 2017,1,1.2441
31 Aug 2017,1,1.266
30 Aug 2017,1,1.2555
29 Aug 2017,1,1.2481
28 Aug 2017,1,1.2466
27 Aug 2017,1,1.2508
26 Aug 2017,1,1.2508
25 Aug 2017,1,1.2508
24 Aug 2017,1,1.2522
23 Aug 2017,1,1.2584
22 Aug 2017,1,1.2578
21 Aug 2017,1,1.2597
20 Aug 2017,1,1.2657
19 Aug 2017,1,1.2657
18 Aug 2017,1,1.2657
17 Aug 2017,1,1.2625
16 Aug 2017,1,1.2731
15 Aug 2017,1,1.2738
14 Aug 2017,1,1.2694
13 Aug 2017,1,1.2712
12 Aug 2017,1,1.2712
11 Aug 2017,1,1.2712
10 Aug 2017,1,1.272
09 Aug 2017,1,1.268
08 Aug 2017,1,1.2662
07 Aug 2017,1,1.268
06 Aug 2017,1,1.2572
05 Aug 2017,1,1.2572
04 Aug 2017,1,1.2572
03 Aug 2017,1,1.2606
02 Aug 2017,1,1.2546
01 Aug 2017,1,1.2476
31 Jul 2017,1,1.2471
30 Jul 2017,1,1.2543
29 Jul 2017,1,1.2543
28 Jul 2017,1,1.2543
27 Jul 2017,1,1.2488
26 Jul 2017,1,1.2518
25 Jul 2017,1,1.2492
24 Jul 2017,1,1.2521
23 Jul 2017,1,1.2596
22 Jul 2017,1,1.2596
21 Jul 2017,1,1.2596
20 Jul 2017,1,1.2614
19 Jul 2017,1,1.2607
18 Jul 2017,1,1.259
17 Jul 2017,1,1.2652
16 Jul 2017,1,1.2724
15 Jul 2017,1,1.2724
14 Jul 2017,1,1.2724
13 Jul 2017,1,1.2756
12 Jul 2017,1,1.2934
11 Jul 2017,1,1.2905
10 Jul 2017,1,1.2912
09 Jul 2017,1,1.2974
08 Jul 2017,1,1.2974
07 Jul 2017,1,1.2974
06 Jul 2017,1,1.2936
05 Jul 2017,1,1.296
04 Jul 2017,1,1.2975
03 Jul 2017,1,1.2978
02 Jul 2017,1,1.2956
01 Jul 2017,1,1.2956
30 Jun 2017,1,1.2956
29 Jun 2017,1,1.3026
28 Jun 2017,1,1.3088
27 Jun 2017,1,1.3207
26 Jun 2017,1,1.324
25 Jun 2017,1,1.3231
24 Jun 2017,1,1.3231
23 Jun 2017,1,1.3231
22 Jun 2017,1,1.3298
21 Jun 2017,1,1.328
20 Jun 2017,1,1.3277
19 Jun 2017,1,1.324
18 Jun 2017,1,1.3223
17 Jun 2017,1,1.3223
16 Jun 2017,1,1.3223
15 Jun 2017,1,1.3278
14 Jun 2017,1,1.3207
13 Jun 2017,1,1.3276
12 Jun 2017,1,1.3437
11 Jun 2017,1,1.3509
10 Jun 2017,1,1.3509
09 Jun 2017,1,1.3509
08 Jun 2017,1,1.3514
07 Jun 2017,1,1.3448
06 Jun 2017,1,1.3475
05 Jun 2017,1,1.3489
04 Jun 2017,1,1.3523
03 Jun 2017,1,1.3523
02 Jun 2017,1,1.3523
01 Jun 2017,1,1.3508
31 May 2017,1,1.3464
30 May 2017,1,1.3468
29 May 2017,1,1.3455
28 May 2017,1,1.3466
27 May 2017,1,1.3466
26 May 2017,1,1.3466
25 May 2017,1,1.3432
24 May 2017,1,1.3499
23 May 2017,1,1.3468
22 May 2017,1,1.3496
21 May 2017,1,1.3569
20 May 2017,1,1.3569
19 May 2017,1,1.3569
18 May 2017,1,1.3643
17 May 2017,1,1.3615
16 May 2017,1,1.3616
15 May 2017,1,1.3608
14 May 2017,1,1.3738
13 May 2017,1,1.3738
12 May 2017,1,1.3738
11 May 2017,1,1.3726
10 May 2017,1,1.3697
09 May 2017,1,1.3704
08 May 2017,1,1.3701
07 May 2017,1,1.3771
06 May 2017,1,1.3771
05 May 2017,1,1.3771
04 May 2017,1,1.3737
03 May 2017,1,1.3728
02 May 2017,1,1.3677
01 May 2017,1,1.3645
30 Apr 2017,1,1.3645
29 Apr 2017,1,1.3645
28 Apr 2017,1,1.3645
27 Apr 2017,1,1.3586
26 Apr 2017,1,1.3579
25 Apr 2017,1,1.358
24 Apr 2017,1,1.3431
23 Apr 2017,1,1.3473
22 Apr 2017,1,1.3473
21 Apr 2017,1,1.3473
20 Apr 2017,1,1.3489
19 Apr 2017,1,1.3441
18 Apr 2017,1,1.3362
17 Apr 2017,1,1.3235
16 Apr 2017,1,1.3235
15 Apr 2017,1,1.3235
14 Apr 2017,1,1.3235
13 Apr 2017,1,1.3235
12 Apr 2017,1,1.3309
11 Apr 2017,1,1.3319
10 Apr 2017,1,1.3382
09 Apr 2017,1,1.3411
08 Apr 2017,1,1.3411
07 Apr 2017,1,1.3411
06 Apr 2017,1,1.3428
05 Apr 2017,1,1.3384
04 Apr 2017,1,1.3445
03 Apr 2017,1,1.3347
02 Apr 2017,1,1.3343
01 Apr 2017,1,1.3343
31 Mar 2017,1,1.3343
30 Mar 2017,1,1.3337
29 Mar 2017,1,1.3379
28 Mar 2017,1,1.3395
27 Mar 2017,1,1.3349
26 Mar 2017,1,1.3372
25 Mar 2017,1,1.3372
24 Mar 2017,1,1.3372
23 Mar 2017,1,1.3339
22 Mar 2017,1,1.3378
21 Mar 2017,1,1.3284
20 Mar 2017,1,1.3355
19 Mar 2017,1,1.3315
18 Mar 2017,1,1.3315
17 Mar 2017,1,1.3315
16 Mar 2017,1,1.3311
15 Mar 2017,1,1.3454
14 Mar 2017,1,1.3487
13 Mar 2017,1,1.3458
12 Mar 2017,1,1.3504
11 Mar 2017,1,1.3504
10 Mar 2017,1,1.3504
09 Mar 2017,1,1.3527
08 Mar 2017,1,1.3445
07 Mar 2017,1,1.3418
06 Mar 2017,1,1.339
05 Mar 2017,1,1.3404
04 Mar 2017,1,1.3404
03 Mar 2017,1,1.3404
02 Mar 2017,1,1.3381
01 Mar 2017,1,1.3333
28 Feb 2017,1,1.3196
27 Feb 2017,1,1.3119
26 Feb 2017,1,1.3109
25 Feb 2017,1,1.3109
24 Feb 2017,1,1.3109
23 Feb 2017,1,1.3116
22 Feb 2017,1,1.3168
21 Feb 2017,1,1.3135
20 Feb 2017,1,1.311
19 Feb 2017,1,1.3079
18 Feb 2017,1,1.3079
17 Feb 2017,1,1.3079
16 Feb 2017,1,1.3016
15 Feb 2017,1,1.3083
14 Feb 2017,1,1.303
13 Feb 2017,1,1.3093
12 Feb 2017,1,1.3139
11 Feb 2017,1,1.3139
10 Feb 2017,1,1.3139
09 Feb 2017,1,1.3109
08 Feb 2017,1,1.3146
07 Feb 2017,1,1.3182
06 Feb 2017,1,1.3057
05 Feb 2017,1,1.3056
04 Feb 2017,1,1.3056
03 Feb 2017,1,1.3056
02 Feb 2017,1,1.3
01 Feb 2017,1,1.3065
31 Jan 2017,1,1.3069
30 Jan 2017,1,1.3154
29 Jan 2017,1,1.3119
28 Jan 2017,1,1.3119
27 Jan 2017,1,1.3119
26 Jan 2017,1,1.3129
25 Jan 2017,1,1.3097
24 Jan 2017,1,1.3274
23 Jan 2017,1,1.3314
22 Jan 2017,1,1.3372
21 Jan 2017,1,1.3372
20 Jan 2017,1,1.3372
19 Jan 2017,1,1.3282
18 Jan 2017,1,1.3115
17 Jan 2017,1,1.306
16 Jan 2017,1,1.3146
15 Jan 2017,1,1.3141
14 Jan 2017,1,1.3141
13 Jan 2017,1,1.3141
12 Jan 2017,1,1.3057
11 Jan 2017,1,1.3252
10 Jan 2017,1,1.3241
09 Jan 2017,1,1.3269
08 Jan 2017,1,1.3258
07 Jan 2017,1,1.3258
06 Jan 2017,1,1.3258
05 Jan 2017,1,1.33
04 Jan 2017,1,1.3312
03 Jan 2017,1,1.3444
02 Jan 2017,1,1.3445
01 Jan 2017,1,1.346
31 Dec 2016,1,1.346
30 Dec 2016,1,1.346
29 Dec 2016,1,1.3541
28 Dec 2016,1,1.3575
27 Dec 2016,1,1.3534
26 Dec 2016,1,1.3514
25 Dec 2016,1,1.3514
24 Dec 2016,1,1.3514
23 Dec 2016,1,1.3514
22 Dec 2016,1,1.3468
21 Dec 2016,1,1.3369
20 Dec 2016,1,1.3408
19 Dec 2016,1,1.3382
18 Dec 2016,1,1.3373
17 Dec 2016,1,1.3373
16 Dec 2016,1,1.3373
15 Dec 2016,1,1.3343
14 Dec 2016,1,1.3116
13 Dec 2016,1,1.3121
12 Dec 2016,1,1.3135
11 Dec 2016,1,1.3177
10 Dec 2016,1,1.3177
09 Dec 2016,1,1.3177
08 Dec 2016,1,1.3215
07 Dec 2016,1,1.3273
06 Dec 2016,1,1.3268
05 Dec 2016,1,1.3306
04 Dec 2016,1,1.3303
03 Dec 2016,1,1.3303
02 Dec 2016,1,1.3303
01 Dec 2016,1,1.34
30 Nov 2016,1,1.3383
29 Nov 2016,1,1.3457
28 Nov 2016,1,1.3451
27 Nov 2016,1,1.3491
26 Nov 2016,1,1.3491
25 Nov 2016,1,1.3491
24 Nov 2016,1,1.3493
23 Nov 2016,1,1.345
22 Nov 2016,1,1.3403
21 Nov 2016,1,1.3459
20 Nov 2016,1,1.3515
19 Nov 2016,1,1.3515
18 Nov 2016,1,1.3515
17 Nov 2016,1,1.3426
16 Nov 2016,1,1.3479
15 Nov 2016,1,1.3525
14 Nov 2016,1,1.3538
13 Nov 2016,1,1.3491
12 Nov 2016,1,1.3491
11 Nov 2016,1,1.3491
10 Nov 2016,1,1.3482
09 Nov 2016,1,1.3426
08 Nov 2016,1,1.3368
07 Nov 2016,1,1.3391
06 Nov 2016,1,1.3433
05 Nov 2016,1,1.3433
04 Nov 2016,1,1.3433
03 Nov 2016,1,1.3389
02 Nov 2016,1,1.3375
01 Nov 2016,1,1.3361
31 Oct 2016,1,1.3398
30 Oct 2016,1,1.3389
29 Oct 2016,1,1.3389
28 Oct 2016,1,1.3389
27 Oct 2016,1,1.3366
26 Oct 2016,1,1.3366
25 Oct 2016,1,1.3317
24 Oct 2016,1,1.3357
23 Oct 2016,1,1.3229
22 Oct 2016,1,1.3229
21 Oct 2016,1,1.3229
20 Oct 2016,1,1.3169
19 Oct 2016,1,1.308
18 Oct 2016,1,1.3083
17 Oct 2016,1,1.3128
16 Oct 2016,1,1.3166
15 Oct 2016,1,1.3166
14 Oct 2016,1,1.3166
13 Oct 2016,1,1.3245
12 Oct 2016,1,1.3247
11 Oct 2016,1,1.3226
10 Oct 2016,1,1.3253
09 Oct 2016,1,1.3271
08 Oct 2016,1,1.3271
07 Oct 2016,1,1.3271
06 Oct 2016,1,1.3204
05 Oct 2016,1,1.3216
04 Oct 2016,1,1.3168
03 Oct 2016,1,1.3085
02 Oct 2016,1,1.3162
01 Oct 2016,1,1.3162
30 Sep 2016,1,1.3162
29 Sep 2016,1,1.3085
28 Sep 2016,1,1.3211
27 Sep 2016,1,1.3256
26 Sep 2016,1,1.3164
25 Sep 2016,1,1.3042
24 Sep 2016,1,1.3042
23 Sep 2016,1,1.3042
22 Sep 2016,1,1.3012
21 Sep 2016,1,1.3142
20 Sep 2016,1,1.3226
19 Sep 2016,1,1.3152
18 Sep 2016,1,1.3199
17 Sep 2016,1,1.3199
16 Sep 2016,1,1.3199
15 Sep 2016,1,1.3178
14 Sep 2016,1,1.3192
13 Sep 2016,1,1.3109
12 Sep 2016,1,1.3114
11 Sep 2016,1,1.2957
10 Sep 2016,1,1.2957
09 Sep 2016,1,1.2957
08 Sep 2016,1,1.2877
07 Sep 2016,1,1.2854
06 Sep 2016,1,1.2909
05 Sep 2016,1,1.294
04 Sep 2016,1,1.3082
03 Sep 2016,1,1.3082
02 Sep 2016,1,1.3082
01 Sep 2016,1,1.3129
31 Aug 2016,1,1.31
30 Aug 2016,1,1.3039
29 Aug 2016,1,1.3013
28 Aug 2016,1,1.2884
27 Aug 2016,1,1.2884
26 Aug 2016,1,1.2884
25 Aug 2016,1,1.2929
24 Aug 2016,1,1.294
23 Aug 2016,1,1.2898
22 Aug 2016,1,1.2915
21 Aug 2016,1,1.2844
20 Aug 2016,1,1.2844
19 Aug 2016,1,1.2844
18 Aug 2016,1,1.2829
17 Aug 2016,1,1.2885
16 Aug 2016,1,1.2817
15 Aug 2016,1,1.2921
14 Aug 2016,1,1.2975
13 Aug 2016,1,1.2975
12 Aug 2016,1,1.2975
11 Aug 2016,1,1.3054
10 Aug 2016,1,1.3016
09 Aug 2016,1,1.3149
08 Aug 2016,1,1.3144
07 Aug 2016,1,1.3023
06 Aug 2016,1,1.3023
05 Aug 2016,1,1.3023
04 Aug 2016,1,1.3053
03 Aug 2016,1,1.31
02 Aug 2016,1,1.3051
01 Aug 2016,1,1.3066
31 Jul 2016,1,1.3176
30 Jul 2016,1,1.3176
29 Jul 2016,1,1.3176
28 Jul 2016,1,1.3161
27 Jul 2016,1,1.319
26 Jul 2016,1,1.3234
25 Jul 2016,1,1.3172
24 Jul 2016,1,1.3107
23 Jul 2016,1,1.3107
22 Jul 2016,1,1.3107
21 Jul 2016,1,1.3051
20 Jul 2016,1,1.3059
19 Jul 2016,1,1.3017
18 Jul 2016,1,1.2951
17 Jul 2016,1,1.2866
16 Jul 2016,1,1.2866
15 Jul 2016,1,1.2866
14 Jul 2016,1,1.2926
13 Jul 2016,1,1.3053
12 Jul 2016,1,1.3029
11 Jul 2016,1,1.3066
10 Jul 2016,1,1.3014
09 Jul 2016,1,1.3014
08 Jul 2016,1,1.3014
07 Jul 2016,1,1.2931
06 Jul 2016,1,1.3026
05 Jul 2016,1,1.2936
04 Jul 2016,1,1.2864
03 Jul 2016,1,1.2923
02 Jul 2016,1,1.2923
01 Jul 2016,1,1.2923
30 Jun 2016,1,1.2956
29 Jun 2016,1,1.2991
28 Jun 2016,1,1.3039
27 Jun 2016,1,1.3048
26 Jun 2016,1,1.3006
25 Jun 2016,1,1.3006
24 Jun 2016,1,1.3006
23 Jun 2016,1,1.2747
22 Jun 2016,1,1.2762
21 Jun 2016,1,1.2773
20 Jun 2016,1,1.2813
19 Jun 2016,1,1.2901
18 Jun 2016,1,1.2901
17 Jun 2016,1,1.2901
16 Jun 2016,1,1.3003
15 Jun 2016,1,1.2857
14 Jun 2016,1,1.2872
13 Jun 2016,1,1.2771
12 Jun 2016,1,1.2748
11 Jun 2016,1,1.2748
10 Jun 2016,1,1.2748
09 Jun 2016,1,1.2747
08 Jun 2016,1,1.2682
07 Jun 2016,1,1.2782
06 Jun 2016,1,1.2922
05 Jun 2016,1,1.3084
04 Jun 2016,1,1.3084
03 Jun 2016,1,1.3084
02 Jun 2016,1,1.3105
01 Jun 2016,1,1.3054
31 May 2016,1,1.3027
30 May 2016,1,1.3039
29 May 2016,1,1.3037
28 May 2016,1,1.3037
27 May 2016,1,1.3037
26 May 2016,1,1.2932
25 May 2016,1,1.3106
24 May 2016,1,1.3148
23 May 2016,1,1.3148
22 May 2016,1,1.3106
21 May 2016,1,1.3106
20 May 2016,1,1.3106
19 May 2016,1,1.311
18 May 2016,1,1.2977
17 May 2016,1,1.2927
16 May 2016,1,1.2923
15 May 2016,1,1.2882
14 May 2016,1,1.2882
13 May 2016,1,1.2882
12 May 2016,1,1.2814
11 May 2016,1,1.2872
10 May 2016,1,1.2962
09 May 2016,1,1.2938
08 May 2016,1,1.2879
07 May 2016,1,1.2879
06 May 2016,1,1.2879
05 May 2016,1,1.282
04 May 2016,1,1.2751
03 May 2016,1,1.2584
02 May 2016,1,1.2519
01 May 2016,1,1.2528
30 Apr 2016,1,1.2528
29 Apr 2016,1,1.2528
28 Apr 2016,1,1.2557
27 Apr 2016,1,1.2583
26 Apr 2016,1,1.2648
25 Apr 2016,1,1.2683
24 Apr 2016,1,1.2734
23 Apr 2016,1,1.2734
22 Apr 2016,1,1.2734
21 Apr 2016,1,1.2634
20 Apr 2016,1,1.2673
19 Apr 2016,1,1.2711
18 Apr 2016,1,1.2924
17 Apr 2016,1,1.2881
16 Apr 2016,1,1.2881
15 Apr 2016,1,1.2881
14 Apr 2016,1,1.2828
13 Apr 2016,1,1.2804
12 Apr 2016,1,1.2876
11 Apr 2016,1,1.2989
10 Apr 2016,1,1.3078
09 Apr 2016,1,1.3078
08 Apr 2016,1,1.3078
07 Apr 2016,1,1.3117
06 Apr 2016,1,1.3155
05 Apr 2016,1,1.3168
04 Apr 2016,1,1.3033
03 Apr 2016,1,1.3028
02 Apr 2016,1,1.3028
01 Apr 2016,1,1.3028
31 Mar 2016,1,1.2945
30 Mar 2016,1,1.303
29 Mar 2016,1,1.3169
28 Mar 2016,1,1.3288
27 Mar 2016,1,1.3288
26 Mar 2016,1,1.3288
25 Mar 2016,1,1.3288
24 Mar 2016,1,1.3288
23 Mar 2016,1,1.3138
22 Mar 2016,1,1.3092
21 Mar 2016,1,1.3045
20 Mar 2016,1,1.2968
19 Mar 2016,1,1.2968
18 Mar 2016,1,1.2968
17 Mar 2016,1,1.2997
16 Mar 2016,1,1.3375
15 Mar 2016,1,1.3351
14 Mar 2016,1,1.3254
13 Mar 2016,1,1.3253
12 Mar 2016,1,1.3253
11 Mar 2016,1,1.3253
10 Mar 2016,1,1.3285
09 Mar 2016,1,1.3401
08 Mar 2016,1,1.3325
07 Mar 2016,1,1.3377
06 Mar 2016,1,1.3416
05 Mar 2016,1,1.3416
04 Mar 2016,1,1.3416
03 Mar 2016,1,1.3434
02 Mar 2016,1,1.3444
01 Mar 2016,1,1.352
29 Feb 2016,1,1.3563
28 Feb 2016,1,1.3546
27 Feb 2016,1,1.3546
26 Feb 2016,1,1.3546
25 Feb 2016,1,1.3626
24 Feb 2016,1,1.3839
23 Feb 2016,1,1.3739
22 Feb 2016,1,1.372
21 Feb 2016,1,1.3765
20 Feb 2016,1,1.3765
19 Feb 2016,1,1.3765
18 Feb 2016,1,1.3685
17 Feb 2016,1,1.3817
16 Feb 2016,1,1.3819
15 Feb 2016,1,1.3823
14 Feb 2016,1,1.3923
13 Feb 2016,1,1.3923
12 Feb 2016,1,1.3923
11 Feb 2016,1,1.3961
10 Feb 2016,1,1.3859
09 Feb 2016,1,1.3904
08 Feb 2016,1,1.3951
07 Feb 2016,1,1.3751
06 Feb 2016,1,1.3751
05 Feb 2016,1,1.3751
04 Feb 2016,1,1.3712
03 Feb 2016,1,1.3934
02 Feb 2016,1,1.4005
01 Feb 2016,1,1.4014
31 Jan 2016,1,1.4069
30 Jan 2016,1,1.4069
29 Jan 2016,1,1.4069
28 Jan 2016,1,1.4085
27 Jan 2016,1,1.4081
26 Jan 2016,1,1.4221
25 Jan 2016,1,1.4194
24 Jan 2016,1,1.4171
23 Jan 2016,1,1.4171
22 Jan 2016,1,1.4171
21 Jan 2016,1,1.4459
20 Jan 2016,1,1.4637
19 Jan 2016,1,1.4492
18 Jan 2016,1,1.4506
17 Jan 2016,1,1.4522
16 Jan 2016,1,1.4522
15 Jan 2016,1,1.4522
14 Jan 2016,1,1.4364
13 Jan 2016,1,1.4221
12 Jan 2016,1,1.4184
11 Jan 2016,1,1.4085
10 Jan 2016,1,1.4106
09 Jan 2016,1,1.4106
08 Jan 2016,1,1.4106
07 Jan 2016,1,1.4133
06 Jan 2016,1,1.4091
05 Jan 2016,1,1.3936
04 Jan 2016,1,1.3922
03 Jan 2016,1,1.3884
02 Jan 2016,1,1.3884
01 Jan 2016,1,1.3884
31 Dec 2015,1,1.3884
30 Dec 2015,1,1.3885
29 Dec 2015,1,1.3916
28 Dec 2015,1,1.3872
27 Dec 2015,1,1.387
26 Dec 2015,1,1.387
25 Dec 2015,1,1.387
24 Dec 2015,1,1.387
23 Dec 2015,1,1.3903
22 Dec 2015,1,1.3917
21 Dec 2015,1,1.3955
20 Dec 2015,1,1.3956
19 Dec 2015,1,1.3956
18 Dec 2015,1,1.3956
17 Dec 2015,1,1.3832
16 Dec 2015,1,1.3766
15 Dec 2015,1,1.3712
14 Dec 2015,1,1.3754
13 Dec 2015,1,1.3664
12 Dec 2015,1,1.3664
11 Dec 2015,1,1.3664
10 Dec 2015,1,1.354
09 Dec 2015,1,1.357
08 Dec 2015,1,1.3603
07 Dec 2015,1,1.3461
06 Dec 2015,1,1.3337
05 Dec 2015,1,1.3337
04 Dec 2015,1,1.3337
03 Dec 2015,1,1.3319
02 Dec 2015,1,1.3385
01 Dec 2015,1,1.3319
30 Nov 2015,1,1.3369
29 Nov 2015,1,1.3347
28 Nov 2015,1,1.3347
27 Nov 2015,1,1.3347
26 Nov 2015,1,1.3305
25 Nov 2015,1,1.3327
24 Nov 2015,1,1.3359
23 Nov 2015,1,1.3378
22 Nov 2015,1,1.3313
21 Nov 2015,1,1.3313
20 Nov 2015,1,1.3313
19 Nov 2015,1,1.329
18 Nov 2015,1,1.3335
17 Nov 2015,1,1.3308
16 Nov 2015,1,1.3329
15 Nov 2015,1,1.3305
14 Nov 2015,1,1.3305
13 Nov 2015,1,1.3305
12 Nov 2015,1,1.3326
11 Nov 2015,1,1.3263
10 Nov 2015,1,1.3261
09 Nov 2015,1,1.3256
08 Nov 2015,1,1.3201
07 Nov 2015,1,1.3201
06 Nov 2015,1,1.3201
05 Nov 2015,1,1.3158
04 Nov 2015,1,1.307
03 Nov 2015,1,1.3125
02 Nov 2015,1,1.3098
01 Nov 2015,1,1.3175
31 Oct 2015,1,1.3175
30 Oct 2015,1,1.3175
29 Oct 2015,1,1.3185
28 Oct 2015,1,1.321
27 Oct 2015,1,1.3219
26 Oct 2015,1,1.3152
25 Oct 2015,1,1.3067
24 Oct 2015,1,1.3067
23 Oct 2015,1,1.3067
22 Oct 2015,1,1.3124
21 Oct 2015,1,1.3003
20 Oct 2015,1,1.3003
19 Oct 2015,1,1.2945
18 Oct 2015,1,1.2927
17 Oct 2015,1,1.2927
16 Oct 2015,1,1.2927
15 Oct 2015,1,1.29
14 Oct 2015,1,1.2985
13 Oct 2015,1,1.3047
12 Oct 2015,1,1.2927
11 Oct 2015,1,1.2936
10 Oct 2015,1,1.2936
09 Oct 2015,1,1.2936
08 Oct 2015,1,1.3047
07 Oct 2015,1,1.3003
06 Oct 2015,1,1.3098
05 Oct 2015,1,1.3114
04 Oct 2015,1,1.3239
03 Oct 2015,1,1.3239
02 Oct 2015,1,1.3239
01 Oct 2015,1,1.3269
30 Sep 2015,1,1.342
29 Sep 2015,1,1.3388
28 Sep 2015,1,1.3358
27 Sep 2015,1,1.3313
26 Sep 2015,1,1.3313
25 Sep 2015,1,1.3313
24 Sep 2015,1,1.3379
23 Sep 2015,1,1.3265
22 Sep 2015,1,1.3271
21 Sep 2015,1,1.3183
20 Sep 2015,1,1.3027
19 Sep 2015,1,1.3027
18 Sep 2015,1,1.3027
17 Sep 2015,1,1.3194
16 Sep 2015,1,1.325
15 Sep 2015,1,1.3237
14 Sep 2015,1,1.3253
13 Sep 2015,1,1.3263
12 Sep 2015,1,1.3263
11 Sep 2015,1,1.3263
10 Sep 2015,1,1.3252
09 Sep 2015,1,1.3248
08 Sep 2015,1,1.3221
07 Sep 2015,1,1.328
06 Sep 2015,1,1.323
05 Sep 2015,1,1.323
04 Sep 2015,1,1.323
03 Sep 2015,1,1.3263
02 Sep 2015,1,1.3255
01 Sep 2015,1,1.3222
31 Aug 2015,1,1.3253
30 Aug 2015,1,1.3271
29 Aug 2015,1,1.3271
28 Aug 2015,1,1.3271
27 Aug 2015,1,1.3226
26 Aug 2015,1,1.3265
25 Aug 2015,1,1.3194
24 Aug 2015,1,1.3252
23 Aug 2015,1,1.3108
22 Aug 2015,1,1.3108
21 Aug 2015,1,1.3108
20 Aug 2015,1,1.3126
19 Aug 2015,1,1.307
18 Aug 2015,1,1.3105
17 Aug 2015,1,1.3136
16 Aug 2015,1,1.3044
15 Aug 2015,1,1.3044
14 Aug 2015,1,1.3044
13 Aug 2015,1,1.3012
12 Aug 2015,1,1.2969
11 Aug 2015,1,1.3075
10 Aug 2015,1,1.3131
09 Aug 2015,1,1.3082
08 Aug 2015,1,1.3082
07 Aug 2015,1,1.3082
06 Aug 2015,1,1.3168
05 Aug 2015,1,1.3171
04 Aug 2015,1,1.313
03 Aug 2015,1,1.3153
02 Aug 2015,1,1.3048
01 Aug 2015,1,1.3048
31 Jul 2015,1,1.3048
30 Jul 2015,1,1.298
29 Jul 2015,1,1.2955
28 Jul 2015,1,1.3014
27 Jul 2015,1,1.303
26 Jul 2015,1,1.3091
25 Jul 2015,1,1.3091
24 Jul 2015,1,1.3091
23 Jul 2015,1,1.2975
22 Jul 2015,1,1.2995
21 Jul 2015,1,1.2992
20 Jul 2015,1,1.2985
19 Jul 2015,1,1.2978
18 Jul 2015,1,1.2978
17 Jul 2015,1,1.2978
16 Jul 2015,1,1.2947
15 Jul 2015,1,1.2744
14 Jul 2015,1,1.276
13 Jul 2015,1,1.2721
12 Jul 2015,1,1.2706
11 Jul 2015,1,1.2706
10 Jul 2015,1,1.2706
09 Jul 2015,1,1.2685
08 Jul 2015,1,1.2743
07 Jul 2015,1,1.2739
06 Jul 2015,1,1.264
05 Jul 2015,1,1.2582
04 Jul 2015,1,1.2582
03 Jul 2015,1,1.2582
02 Jul 2015,1,1.2618
01 Jul 2015,1,1.2524
30 Jun 2015,1,1.2368
29 Jun 2015,1,1.2374
28 Jun 2015,1,1.2365
27 Jun 2015,1,1.2365
26 Jun 2015,1,1.2365
25 Jun 2015,1,1.2384
24 Jun 2015,1,1.2301
23 Jun 2015,1,1.2339
22 Jun 2015,1,1.2234
21 Jun 2015,1,1.2271
20 Jun 2015,1,1.2271
19 Jun 2015,1,1.2271
18 Jun 2015,1,1.216
17 Jun 2015,1,1.2312
16 Jun 2015,1,1.2343
15 Jun 2015,1,1.2342
14 Jun 2015,1,1.2303
13 Jun 2015,1,1.2303
12 Jun 2015,1,1.2303
11 Jun 2015,1,1.2321
10 Jun 2015,1,1.2236
09 Jun 2015,1,1.2347
08 Jun 2015,1,1.2434
07 Jun 2015,1,1.25
06 Jun 2015,1,1.25
05 Jun 2015,1,1.25
04 Jun 2015,1,1.2449
03 Jun 2015,1,1.2445
02 Jun 2015,1,1.2498
01 Jun 2015,1,1.2494
31 May 2015,1,1.2443
30 May 2015,1,1.2443
29 May 2015,1,1.2443
28 May 2015,1,1.2476
27 May 2015,1,1.2456
26 May 2015,1,1.2374
25 May 2015,1,1.2294
24 May 2015,1,1.22
23 May 2015,1,1.22
22 May 2015,1,1.22
21 May 2015,1,1.2216
20 May 2015,1,1.2213
19 May 2015,1,1.2181
18 May 2015,1,1.2058
17 May 2015,1,1.2037
16 May 2015,1,1.2037
15 May 2015,1,1.2037
14 May 2015,1,1.1949
13 May 2015,1,1.1974
12 May 2015,1,1.204
11 May 2015,1,1.2114
10 May 2015,1,1.2103
09 May 2015,1,1.2103
08 May 2015,1,1.2103
07 May 2015,1,1.207
06 May 2015,1,1.201
05 May 2015,1,1.209
04 May 2015,1,1.2116
03 May 2015,1,1.202
02 May 2015,1,1.202
01 May 2015,1,1.202
30 Apr 2015,1,1.202
29 Apr 2015,1,1.2054
28 Apr 2015,1,1.2069
27 Apr 2015,1,1.2156
26 Apr 2015,1,1.2119
25 Apr 2015,1,1.2119
24 Apr 2015,1,1.2119
23 Apr 2015,1,1.2226
22 Apr 2015,1,1.2242
21 Apr 2015,1,1.2229
20 Apr 2015,1,1.2252
19 Apr 2015,1,1.2191
18 Apr 2015,1,1.2191
17 Apr 2015,1,1.2191
16 Apr 2015,1,1.2305
15 Apr 2015,1,1.255
14 Apr 2015,1,1.2582
13 Apr 2015,1,1.2627
12 Apr 2015,1,1.2664
11 Apr 2015,1,1.2664
10 Apr 2015,1,1.2664
09 Apr 2015,1,1.2524
08 Apr 2015,1,1.2417
07 Apr 2015,1,1.2504
06 Apr 2015,1,1.2644
05 Apr 2015,1,1.2644
04 Apr 2015,1,1.2644
03 Apr 2015,1,1.2644
02 Apr 2015,1,1.2644
01 Apr 2015,1,1.2675
31 Mar 2015,1,1.2769
30 Mar 2015,1,1.2641
29 Mar 2015,1,1.2509
28 Mar 2015,1,1.2509
27 Mar 2015,1,1.2509
26 Mar 2015,1,1.2442
25 Mar 2015,1,1.2482
24 Mar 2015,1,1.2465
23 Mar 2015,1,1.2525
22 Mar 2015,1,1.2672
21 Mar 2015,1,1.2672
20 Mar 2015,1,1.2672
19 Mar 2015,1,1.2717
18 Mar 2015,1,1.2824
17 Mar 2015,1,1.2774
16 Mar 2015,1,1.2781
15 Mar 2015,1,1.2734
14 Mar 2015,1,1.2734
13 Mar 2015,1,1.2734
12 Mar 2015,1,1.2656
11 Mar 2015,1,1.2698
10 Mar 2015,1,1.2634
09 Mar 2015,1,1.2591
08 Mar 2015,1,1.2466
07 Mar 2015,1,1.2466
06 Mar 2015,1,1.2466
05 Mar 2015,1,1.244
04 Mar 2015,1,1.2515
03 Mar 2015,1,1.2519
02 Mar 2015,1,1.2492
01 Mar 2015,1,1.2451
28 Feb 2015,1,1.2451
27 Feb 2015,1,1.2451
26 Feb 2015,1,1.247
25 Feb 2015,1,1.2441
24 Feb 2015,1,1.2643
23 Feb 2015,1,1.2618
22 Feb 2015,1,1.2456
21 Feb 2015,1,1.2456
20 Feb 2015,1,1.2456
19 Feb 2015,1,1.252
18 Feb 2015,1,1.245
17 Feb 2015,1,1.2374
16 Feb 2015,1,1.2453
15 Feb 2015,1,1.2508
14 Feb 2015,1,1.2508
13 Feb 2015,1,1.2508
12 Feb 2015,1,1.256
11 Feb 2015,1,1.2611
10 Feb 2015,1,1.2471
09 Feb 2015,1,1.25
08 Feb 2015,1,1.2445
07 Feb 2015,1,1.2445
06 Feb 2015,1,1.2445
05 Feb 2015,1,1.2524
04 Feb 2015,1,1.2452
03 Feb 2015,1,1.2584
02 Feb 2015,1,1.2672
01 Feb 2015,1,1.267
31 Jan 2015,1,1.267
30 Jan 2015,1,1.267
29 Jan 2015,1,1.2531
28 Jan 2015,1,1.2421
27 Jan 2015,1,1.2458
26 Jan 2015,1,1.2459
25 Jan 2015,1,1.2446
24 Jan 2015,1,1.2446
23 Jan 2015,1,1.2446
22 Jan 2015,1,1.2354
21 Jan 2015,1,1.2075
20 Jan 2015,1,1.2013
19 Jan 2015,1,1.1983
18 Jan 2015,1,1.2035
17 Jan 2015,1,1.2035
16 Jan 2015,1,1.2035
15 Jan 2015,1,1.1834
14 Jan 2015,1,1.1965
13 Jan 2015,1,1.1966
12 Jan 2015,1,1.1897
11 Jan 2015,1,1.182
10 Jan 2015,1,1.182
09 Jan 2015,1,1.182
08 Jan 2015,1,1.1816
07 Jan 2015,1,1.183
06 Jan 2015,1,1.1763
05 Jan 2015,1,1.1784
04 Jan 2015,1,1.1682
03 Jan 2015,1,1.1682
02 Jan 2015,1,1.1682
01 Jan 2015,1,1.1583
31 Dec 2014,1,1.1583
30 Dec 2014,1,1.1622
29 Dec 2014,1,1.1628
28 Dec 2014,1,1.1592
27 Dec 2014,1,1.1592
26 Dec 2014,1,1.1592
25 Dec 2014,1,1.1592
24 Dec 2014,1,1.1592
23 Dec 2014,1,1.1638
22 Dec 2014,1,1.163
21 Dec 2014,1,1.1596
20 Dec 2014,1,1.1596
19 Dec 2014,1,1.1596
18 Dec 2014,1,1.1598
17 Dec 2014,1,1.1634
16 Dec 2014,1,1.1655
15 Dec 2014,1,1.1594
14 Dec 2014,1,1.158
13 Dec 2014,1,1.158
12 Dec 2014,1,1.158
11 Dec 2014,1,1.1491
10 Dec 2014,1,1.1448
09 Dec 2014,1,1.1453
08 Dec 2014,1,1.1443
07 Dec 2014,1,1.1394
06 Dec 2014,1,1.1394
05 Dec 2014,1,1.1394
04 Dec 2014,1,1.137
03 Dec 2014,1,1.1381
02 Dec 2014,1,1.1369
01 Dec 2014,1,1.1399
30 Nov 2014,1,1.1397
29 Nov 2014,1,1.1397
28 Nov 2014,1,1.1397
27 Nov 2014,1,1.1249
26 Nov 2014,1,1.1268
25 Nov 2014,1,1.1271
24 Nov 2014,1,1.125
23 Nov 2014,1,1.126
22 Nov 2014,1,1.126
21 Nov 2014,1,1.126
20 Nov 2014,1,1.1325
19 Nov 2014,1,1.1349
18 Nov 2014,1,1.1291
17 Nov 2014,1,1.131
16 Nov 2014,1,1.1382
15 Nov 2014,1,1.1382
14 Nov 2014,1,1.1382
13 Nov 2014,1,1.1329
12 Nov 2014,1,1.1317
11 Nov 2014,1,1.1389
10 Nov 2014,1,1.1312
09 Nov 2014,1,1.1432
08 Nov 2014,1,1.1432
07 Nov 2014,1,1.1432
06 Nov 2014,1,1.1409
05 Nov 2014,1,1.1443
04 Nov 2014,1,1.1416
03 Nov 2014,1,1.1286
02 Nov 2014,1,1.1274
01 Nov 2014,1,1.1274
31 Oct 2014,1,1.1274
30 Oct 2014,1,1.1172
29 Oct 2014,1,1.1142
28 Oct 2014,1,1.1207
27 Oct 2014,1,1.1248
26 Oct 2014,1,1.121
25 Oct 2014,1,1.121
24 Oct 2014,1,1.121
23 Oct 2014,1,1.1215
22 Oct 2014,1,1.122
21 Oct 2014,1,1.1249
20 Oct 2014,1,1.1259
19 Oct 2014,1,1.1242
18 Oct 2014,1,1.1242
17 Oct 2014,1,1.1242
16 Oct 2014,1,1.1331
15 Oct 2014,1,1.1373
14 Oct 2014,1,1.1247
13 Oct 2014,1,1.1212
12 Oct 2014,1,1.1197
11 Oct 2014,1,1.1197
10 Oct 2014,1,1.1197
09 Oct 2014,1,1.111
08 Oct 2014,1,1.1175
07 Oct 2014,1,1.1148
06 Oct 2014,1,1.1204
05 Oct 2014,1,1.1183
04 Oct 2014,1,1.1183
03 Oct 2014,1,1.1183
02 Oct 2014,1,1.1137
01 Oct 2014,1,1.1219
30 Sep 2014,1,1.1172
29 Sep 2014,1,1.1158
28 Sep 2014,1,1.1112
27 Sep 2014,1,1.1112
26 Sep 2014,1,1.1112
25 Sep 2014,1,1.112
24 Sep 2014,1,1.1077
23 Sep 2014,1,1.1003
22 Sep 2014,1,1.1004
21 Sep 2014,1,1.0978
20 Sep 2014,1,1.0978
19 Sep 2014,1,1.0978
18 Sep 2014,1,1.1
17 Sep 2014,1,1.0974
16 Sep 2014,1,1.1041
15 Sep 2014,1,1.1086
14 Sep 2014,1,1.1059
13 Sep 2014,1,1.1059
12 Sep 2014,1,1.1059
11 Sep 2014,1,1.1012
10 Sep 2014,1,1.0993
09 Sep 2014,1,1.0977
08 Sep 2014,1,1.0905
07 Sep 2014,1,1.0878
06 Sep 2014,1,1.0878
05 Sep 2014,1,1.0878
04 Sep 2014,1,1.088
03 Sep 2014,1,1.0901
02 Sep 2014,1,1.0909
01 Sep 2014,1,1.0863
31 Aug 2014,1,1.0854
30 Aug 2014,1,1.0854
29 Aug 2014,1,1.0854
28 Aug 2014,1,1.0844
27 Aug 2014,1,1.0907
26 Aug 2014,1,1.0965
25 Aug 2014,1,1.0952
24 Aug 2014,1,1.0957
23 Aug 2014,1,1.0957
22 Aug 2014,1,1.0957
21 Aug 2014,1,1.0964
20 Aug 2014,1,1.0952
19 Aug 2014,1,1.0909
18 Aug 2014,1,1.0879
17 Aug 2014,1,1.09
16 Aug 2014,1,1.09
15 Aug 2014,1,1.09
14 Aug 2014,1,1.0891
13 Aug 2014,1,1.0923
12 Aug 2014,1,1.095
11 Aug 2014,1,1.0954
10 Aug 2014,1,1.0916
09 Aug 2014,1,1.0916
08 Aug 2014,1,1.0916
07 Aug 2014,1,1.0933
06 Aug 2014,1,1.0973
05 Aug 2014,1,1.0951
04 Aug 2014,1,1.0922
03 Aug 2014,1,1.0926
02 Aug 2014,1,1.0926
01 Aug 2014,1,1.0926
31 Jul 2014,1,1.092
30 Jul 2014,1,1.0874
29 Jul 2014,1,1.0819
28 Jul 2014,1,1.0809
27 Jul 2014,1,1.0768
26 Jul 2014,1,1.0768
25 Jul 2014,1,1.0768
24 Jul 2014,1,1.0725
23 Jul 2014,1,1.0721
22 Jul 2014,1,1.0757
21 Jul 2014,1,1.0744
20 Jul 2014,1,1.0745
19 Jul 2014,1,1.0745
18 Jul 2014,1,1.0745
17 Jul 2014,1,1.0748
16 Jul 2014,1,1.0763
15 Jul 2014,1,1.0733
14 Jul 2014,1,1.0728
13 Jul 2014,1,1.0641
12 Jul 2014,1,1.0641
11 Jul 2014,1,1.0641
10 Jul 2014,1,1.067
09 Jul 2014,1,1.0664
08 Jul 2014,1,1.0676
07 Jul 2014,1,1.0643
06 Jul 2014,1,1.0635
05 Jul 2014,1,1.0635
04 Jul 2014,1,1.0635
03 Jul 2014,1,1.0648
02 Jul 2014,1,1.0644
01 Jul 2014,1,1.0657
30 Jun 2014,1,1.0682
29 Jun 2014,1,1.0687
28 Jun 2014,1,1.0687
27 Jun 2014,1,1.0687
26 Jun 2014,1,1.0714
25 Jun 2014,1,1.0738
24 Jun 2014,1,1.0732
23 Jun 2014,1,1.0734
22 Jun 2014,1,1.0814
21 Jun 2014,1,1.0814
20 Jun 2014,1,1.0814
19 Jun 2014,1,1.0829
18 Jun 2014,1,1.0869
17 Jun 2014,1,1.0865
16 Jun 2014,1,1.0881
15 Jun 2014,1,1.0849
14 Jun 2014,1,1.0849
13 Jun 2014,1,1.0849
12 Jun 2014,1,1.0859
11 Jun 2014,1,1.0887
10 Jun 2014,1,1.0913
09 Jun 2014,1,1.0921
08 Jun 2014,1,1.0924
07 Jun 2014,1,1.0924
06 Jun 2014,1,1.0924
05 Jun 2014,1,1.094
04 Jun 2014,1,1.0929
03 Jun 2014,1,1.0911
02 Jun 2014,1,1.0863
01 Jun 2014,1,1.0836
31 May 2014,1,1.0836
30 May 2014,1,1.0836
29 May 2014,1,1.0854
28 May 2014,1,1.0862
27 May 2014,1,1.0849
26 May 2014,1,1.0863
25 May 2014,1,1.0901
24 May 2014,1,1.0901
23 May 2014,1,1.0901
22 May 2014,1,1.0912
21 May 2014,1,1.0901
20 May 2014,1,1.089
19 May 2014,1,1.0867
18 May 2014,1,1.0877
17 May 2014,1,1.0877
16 May 2014,1,1.0877
15 May 2014,1,1.0868
14 May 2014,1,1.0903
13 May 2014,1,1.0899
12 May 2014,1,1.088
11 May 2014,1,1.083
10 May 2014,1,1.083
09 May 2014,1,1.083
08 May 2014,1,1.0876
07 May 2014,1,1.0888
06 May 2014,1,1.0923
05 May 2014,1,1.0986
04 May 2014,1,1.0965
03 May 2014,1,1.0965
02 May 2014,1,1.0965
01 May 2014,1,1.0968
30 Apr 2014,1,1.0968
29 Apr 2014,1,1.097
28 Apr 2014,1,1.1024
27 Apr 2014,1,1.1018
26 Apr 2014,1,1.1018
25 Apr 2014,1,1.1018
24 Apr 2014,1,1.1025
23 Apr 2014,1,1.1023
22 Apr 2014,1,1.1014
21 Apr 2014,1,1.1009
20 Apr 2014,1,1.1009
19 Apr 2014,1,1.1009
18 Apr 2014,1,1.1009
17 Apr 2014,1,1.1009
16 Apr 2014,1,1.0983
15 Apr 2014,1,1.0991
14 Apr 2014,1,1.0966
13 Apr 2014,1,1.0969
12 Apr 2014,1,1.0969
11 Apr 2014,1,1.0969
10 Apr 2014,1,1.0902
09 Apr 2014,1,1.0934
08 Apr 2014,1,1.093
07 Apr 2014,1,1.0992
06 Apr 2014,1,1.1022
05 Apr 2014,1,1.1022
04 Apr 2014,1,1.1022
03 Apr 2014,1,1.1017
02 Apr 2014,1,1.1012
01 Apr 2014,1,1.1052
31 Mar 2014,1,1.1042
30 Mar 2014,1,1.1038
29 Mar 2014,1,1.1038
28 Mar 2014,1,1.1038
27 Mar 2014,1,1.1093
26 Mar 2014,1,1.1165
25 Mar 2014,1,1.1178
24 Mar 2014,1,1.1215
23 Mar 2014,1,1.1201
22 Mar 2014,1,1.1201
21 Mar 2014,1,1.1201
20 Mar 2014,1,1.1268
19 Mar 2014,1,1.1173
18 Mar 2014,1,1.1045
17 Mar 2014,1,1.1069
16 Mar 2014,1,1.1087
15 Mar 2014,1,1.1087
14 Mar 2014,1,1.1087
13 Mar 2014,1,1.1066
12 Mar 2014,1,1.1136
11 Mar 2014,1,1.1112
10 Mar 2014,1,1.1108
09 Mar 2014,1,1.0984
08 Mar 2014,1,1.0984
07 Mar 2014,1,1.0984
06 Mar 2014,1,1.1031
05 Mar 2014,1,1.1062
04 Mar 2014,1,1.1072
03 Mar 2014,1,1.1097
02 Mar 2014,1,1.1118
01 Mar 2014,1,1.1118
28 Feb 2014,1,1.1118
27 Feb 2014,1,1.1131
26 Feb 2014,1,1.1096
25 Feb 2014,1,1.1075
24 Feb 2014,1,1.1098
23 Feb 2014,1,1.1165
22 Feb 2014,1,1.1165
21 Feb 2014,1,1.1165
20 Feb 2014,1,1.1082
19 Feb 2014,1,1.095
18 Feb 2014,1,1.0967
17 Feb 2014,1,1.0961
16 Feb 2014,1,1.0956
15 Feb 2014,1,1.0956
14 Feb 2014,1,1.0956
13 Feb 2014,1,1.1003
12 Feb 2014,1,1.1
11 Feb 2014,1,1.1036
10 Feb 2014,1,1.1045
09 Feb 2014,1,1.1069
08 Feb 2014,1,1.1069
07 Feb 2014,1,1.1069
06 Feb 2014,1,1.106
05 Feb 2014,1,1.1058
04 Feb 2014,1,1.1073
03 Feb 2014,1,1.1076
02 Feb 2014,1,1.1195
01 Feb 2014,1,1.1195
31 Jan 2014,1,1.1195
30 Jan 2014,1,1.118
29 Jan 2014,1,1.115
28 Jan 2014,1,1.1144
27 Jan 2014,1,1.1041
26 Jan 2014,1,1.1062
25 Jan 2014,1,1.1062
24 Jan 2014,1,1.1062
23 Jan 2014,1,1.1144
22 Jan 2014,1,1.0966
21 Jan 2014,1,1.0999
20 Jan 2014,1,1.0938
19 Jan 2014,1,1.0969
18 Jan 2014,1,1.0969
17 Jan 2014,1,1.0969
16 Jan 2014,1,1.0922
15 Jan 2014,1,1.0955
14 Jan 2014,1,1.089
13 Jan 2014,1,1.091
12 Jan 2014,1,1.0876
11 Jan 2014,1,1.0876
10 Jan 2014,1,1.0876
09 Jan 2014,1,1.0858
08 Jan 2014,1,1.0808
07 Jan 2014,1,1.0692
06 Jan 2014,1,1.0657
05 Jan 2014,1,1.0612
04 Jan 2014,1,1.0612
03 Jan 2014,1,1.0612
02 Jan 2014,1,1.0631
01 Jan 2014,1,1.0638
31 Dec 2013,1,1.0638
30 Dec 2013,1,1.0712
29 Dec 2013,1,1.0664
28 Dec 2013,1,1.0664
27 Dec 2013,1,1.0664
26 Dec 2013,1,1.061
25 Dec 2013,1,1.061
24 Dec 2013,1,1.061
23 Dec 2013,1,1.06
22 Dec 2013,1,1.0692
21 Dec 2013,1,1.0692
20 Dec 2013,1,1.0692
19 Dec 2013,1,1.0719
18 Dec 2013,1,1.0634
17 Dec 2013,1,1.0588
16 Dec 2013,1,1.0583
15 Dec 2013,1,1.0655
14 Dec 2013,1,1.0655
13 Dec 2013,1,1.0655
12 Dec 2013,1,1.0578
11 Dec 2013,1,1.0591
10 Dec 2013,1,1.0621
09 Dec 2013,1,1.0664
08 Dec 2013,1,1.0649
07 Dec 2013,1,1.0649
06 Dec 2013,1,1.0649
05 Dec 2013,1,1.0657
04 Dec 2013,1,1.0656
03 Dec 2013,1,1.0653
02 Dec 2013,1,1.0629
01 Dec 2013,1,1.0575
30 Nov 2013,1,1.0575
29 Nov 2013,1,1.0575
28 Nov 2013,1,1.0577
27 Nov 2013,1,1.0578
26 Nov 2013,1,1.0525
25 Nov 2013,1,1.0561
24 Nov 2013,1,1.0541
23 Nov 2013,1,1.0541
22 Nov 2013,1,1.0541
21 Nov 2013,1,1.0473
20 Nov 2013,1,1.0457
19 Nov 2013,1,1.0437
18 Nov 2013,1,1.0417
17 Nov 2013,1,1.0464
16 Nov 2013,1,1.0464
15 Nov 2013,1,1.0464
14 Nov 2013,1,1.0499
13 Nov 2013,1,1.0489
12 Nov 2013,1,1.0495
11 Nov 2013,1,1.0472
10 Nov 2013,1,1.0455
09 Nov 2013,1,1.0455
08 Nov 2013,1,1.0455
07 Nov 2013,1,1.043
06 Nov 2013,1,1.044
05 Nov 2013,1,1.0429
04 Nov 2013,1,1.0401
03 Nov 2013,1,1.0427
02 Nov 2013,1,1.0427
01 Nov 2013,1,1.0427
31 Oct 2013,1,1.0447
30 Oct 2013,1,1.0443
29 Oct 2013,1,1.0444
28 Oct 2013,1,1.0444
27 Oct 2013,1,1.0438
26 Oct 2013,1,1.0438
25 Oct 2013,1,1.0438
24 Oct 2013,1,1.0401
23 Oct 2013,1,1.0318
22 Oct 2013,1,1.03
21 Oct 2013,1,1.0294
20 Oct 2013,1,1.0296
19 Oct 2013,1,1.0296
18 Oct 2013,1,1.0296
17 Oct 2013,1,1.0298
16 Oct 2013,1,1.0373
15 Oct 2013,1,1.0357
14 Oct 2013,1,1.0352
13 Oct 2013,1,1.0389
12 Oct 2013,1,1.0389
11 Oct 2013,1,1.0389
10 Oct 2013,1,1.0385
09 Oct 2013,1,1.038
08 Oct 2013,1,1.0308
07 Oct 2013,1,1.0323
06 Oct 2013,1,1.033
05 Oct 2013,1,1.033
04 Oct 2013,1,1.033
03 Oct 2013,1,1.0338
02 Oct 2013,1,1.035
01 Oct 2013,1,1.0301
30 Sep 2013,1,1.0301
29 Sep 2013,1,1.0318
28 Sep 2013,1,1.0318
27 Sep 2013,1,1.0318
26 Sep 2013,1,1.0304
25 Sep 2013,1,1.0311
24 Sep 2013,1,1.0285
23 Sep 2013,1,1.0297
22 Sep 2013,1,1.0284
21 Sep 2013,1,1.0284
20 Sep 2013,1,1.0284
19 Sep 2013,1,1.021
18 Sep 2013,1,1.0307
17 Sep 2013,1,1.0313
16 Sep 2013,1,1.0301
15 Sep 2013,1,1.0334
14 Sep 2013,1,1.0334
13 Sep 2013,1,1.0334
12 Sep 2013,1,1.032
11 Sep 2013,1,1.0338
10 Sep 2013,1,1.0335
09 Sep 2013,1,1.0383
08 Sep 2013,1,1.0431
07 Sep 2013,1,1.0431
06 Sep 2013,1,1.0431
05 Sep 2013,1,1.0481
04 Sep 2013,1,1.0488
03 Sep 2013,1,1.0525
02 Sep 2013,1,1.053
01 Sep 2013,1,1.053
31 Aug 2013,1,1.053
30 Aug 2013,1,1.053
29 Aug 2013,1,1.0495
28 Aug 2013,1,1.049
27 Aug 2013,1,1.0526
26 Aug 2013,1,1.0526
25 Aug 2013,1,1.0568
24 Aug 2013,1,1.0568
23 Aug 2013,1,1.0568
22 Aug 2013,1,1.0496
21 Aug 2013,1,1.0435
20 Aug 2013,1,1.0377
19 Aug 2013,1,1.0331
18 Aug 2013,1,1.0323
17 Aug 2013,1,1.0323
16 Aug 2013,1,1.0323
15 Aug 2013,1,1.0327
14 Aug 2013,1,1.0337
13 Aug 2013,1,1.032
12 Aug 2013,1,1.0311
11 Aug 2013,1,1.0291
10 Aug 2013,1,1.0291
09 Aug 2013,1,1.0291
08 Aug 2013,1,1.0411
07 Aug 2013,1,1.0423
06 Aug 2013,1,1.0375
05 Aug 2013,1,1.0396
04 Aug 2013,1,1.0402
03 Aug 2013,1,1.0402
02 Aug 2013,1,1.0402
01 Aug 2013,1,1.0298
31 Jul 2013,1,1.0297
30 Jul 2013,1,1.026
29 Jul 2013,1,1.0276
28 Jul 2013,1,1.0285
27 Jul 2013,1,1.0285
26 Jul 2013,1,1.0285
25 Jul 2013,1,1.0296
24 Jul 2013,1,1.027
23 Jul 2013,1,1.0334
22 Jul 2013,1,1.0343
21 Jul 2013,1,1.0377
20 Jul 2013,1,1.0377
19 Jul 2013,1,1.0377
18 Jul 2013,1,1.0418
17 Jul 2013,1,1.0396
16 Jul 2013,1,1.0411
15 Jul 2013,1,1.0427
14 Jul 2013,1,1.0386
13 Jul 2013,1,1.0386
12 Jul 2013,1,1.0386
11 Jul 2013,1,1.0405
10 Jul 2013,1,1.0517
09 Jul 2013,1,1.0545
08 Jul 2013,1,1.0558
07 Jul 2013,1,1.0521
06 Jul 2013,1,1.0521
05 Jul 2013,1,1.0521
04 Jul 2013,1,1.0544
03 Jul 2013,1,1.0544
02 Jul 2013,1,1.0568
01 Jul 2013,1,1.0519
30 Jun 2013,1,1.0485
29 Jun 2013,1,1.0485
28 Jun 2013,1,1.0485
27 Jun 2013,1,1.0435
26 Jun 2013,1,1.048
25 Jun 2013,1,1.0484
24 Jun 2013,1,1.0543
23 Jun 2013,1,1.0398
22 Jun 2013,1,1.0398
21 Jun 2013,1,1.0398
20 Jun 2013,1,1.0342
19 Jun 2013,1,1.0199
18 Jun 2013,1,1.0195
17 Jun 2013,1,1.0158
16 Jun 2013,1,1.0166
15 Jun 2013,1,1.0166
14 Jun 2013,1,1.0166
13 Jun 2013,1,1.017
12 Jun 2013,1,1.016
11 Jun 2013,1,1.0242
10 Jun 2013,1,1.0186
09 Jun 2013,1,1.0232
08 Jun 2013,1,1.0232
07 Jun 2013,1,1.0232
06 Jun 2013,1,1.0313
05 Jun 2013,1,1.0338
04 Jun 2013,1,1.0319
03 Jun 2013,1,1.0344
02 Jun 2013,1,1.0329
01 Jun 2013,1,1.0329
31 May 2013,1,1.0329
30 May 2013,1,1.0378
29 May 2013,1,1.0372
28 May 2013,1,1.0344
27 May 2013,1,1.0323
26 May 2013,1,1.0332
25 May 2013,1,1.0332
24 May 2013,1,1.0332
23 May 2013,1,1.035
22 May 2013,1,1.0303
21 May 2013,1,1.0269
20 May 2013,1,1.0279
19 May 2013,1,1.0273
18 May 2013,1,1.0273
17 May 2013,1,1.0273
16 May 2013,1,1.0194
15 May 2013,1,1.0209
14 May 2013,1,1.0139
13 May 2013,1,1.0092
12 May 2013,1,1.0096
11 May 2013,1,1.0096
10 May 2013,1,1.0096
09 May 2013,1,1.0036
08 May 2013,1,1.0042
07 May 2013,1,1.0052
06 May 2013,1,1.0084
05 May 2013,1,1.0114
04 May 2013,1,1.0114
03 May 2013,1,1.0114
02 May 2013,1,1.0071
01 May 2013,1,1.0108
30 Apr 2013,1,1.0108
29 Apr 2013,1,1.0137
28 Apr 2013,1,1.0198
27 Apr 2013,1,1.0198
26 Apr 2013,1,1.0198
25 Apr 2013,1,1.0225
24 Apr 2013,1,1.0261
23 Apr 2013,1,1.0277
22 Apr 2013,1,1.0259
21 Apr 2013,1,1.025
20 Apr 2013,1,1.025
19 Apr 2013,1,1.025
18 Apr 2013,1,1.0243
17 Apr 2013,1,1.0259
16 Apr 2013,1,1.0215
15 Apr 2013,1,1.0206
14 Apr 2013,1,1.0119
13 Apr 2013,1,1.0119
12 Apr 2013,1,1.0119
11 Apr 2013,1,1.0094
10 Apr 2013,1,1.0156
09 Apr 2013,1,1.0149
08 Apr 2013,1,1.017
07 Apr 2013,1,1.0147
06 Apr 2013,1,1.0147
05 Apr 2013,1,1.0147
04 Apr 2013,1,1.0151
03 Apr 2013,1,1.0142
02 Apr 2013,1,1.0129
01 Apr 2013,1,1.0169
31 Mar 2013,1,1.0169
30 Mar 2013,1,1.0169
29 Mar 2013,1,1.0169
28 Mar 2013,1,1.0169
27 Mar 2013,1,1.0169
26 Mar 2013,1,1.0188
25 Mar 2013,1,1.0204
24 Mar 2013,1,1.024
23 Mar 2013,1,1.024
22 Mar 2013,1,1.024
21 Mar 2013,1,1.0233
20 Mar 2013,1,1.0252
19 Mar 2013,1,1.0248
18 Mar 2013,1,1.0218
17 Mar 2013,1,1.0203
16 Mar 2013,1,1.0203
15 Mar 2013,1,1.0203
14 Mar 2013,1,1.0264
13 Mar 2013,1,1.0249
12 Mar 2013,1,1.026
11 Mar 2013,1,1.0279
10 Mar 2013,1,1.029
09 Mar 2013,1,1.029
08 Mar 2013,1,1.029
07 Mar 2013,1,1.0317
06 Mar 2013,1,1.0286
05 Mar 2013,1,1.0265
04 Mar 2013,1,1.0287
03 Mar 2013,1,1.0336
02 Mar 2013,1,1.0336
01 Mar 2013,1,1.0336
28 Feb 2013,1,1.0253
27 Feb 2013,1,1.0257
26 Feb 2013,1,1.0261
25 Feb 2013,1,1.0224
24 Feb 2013,1,1.0206
23 Feb 2013,1,1.0206
22 Feb 2013,1,1.0206
21 Feb 2013,1,1.019
20 Feb 2013,1,1.0147
19 Feb 2013,1,1.0116
18 Feb 2013,1,1.0065
17 Feb 2013,1,1.0026
16 Feb 2013,1,1.0026
15 Feb 2013,1,1.0026
14 Feb 2013,1,1.0012
13 Feb 2013,1,1.0028
12 Feb 2013,1,1.0055
11 Feb 2013,1,1.0077
10 Feb 2013,1,0.999
09 Feb 2013,1,0.999
08 Feb 2013,1,0.999
07 Feb 2013,1,0.9957
06 Feb 2013,1,0.9982
05 Feb 2013,1,0.9981
04 Feb 2013,1,0.9968
03 Feb 2013,1,0.9995
02 Feb 2013,1,0.9995
01 Feb 2013,1,0.9995
31 Jan 2013,1,1.002
30 Jan 2013,1,1.0024
29 Jan 2013,1,1.0057
28 Jan 2013,1,1.0088
27 Jan 2013,1,1.0062
26 Jan 2013,1,1.0062
25 Jan 2013,1,1.0062
24 Jan 2013,1,1.0019
23 Jan 2013,1,0.9919
22 Jan 2013,1,0.9944
21 Jan 2013,1,0.993
20 Jan 2013,1,0.9901
19 Jan 2013,1,0.9901
18 Jan 2013,1,0.9901
17 Jan 2013,1,0.9869
16 Jan 2013,1,0.9868
15 Jan 2013,1,0.9861
14 Jan 2013,1,0.9863
13 Jan 2013,1,0.9839
12 Jan 2013,1,0.9839
11 Jan 2013,1,0.9839
10 Jan 2013,1,0.9859
09 Jan 2013,1,0.9875
08 Jan 2013,1,0.9857
07 Jan 2013,1,0.9871
06 Jan 2013,1,0.9912
05 Jan 2013,1,0.9912
04 Jan 2013,1,0.9912
03 Jan 2013,1,0.9863
02 Jan 2013,1,0.9848
01 Jan 2013,1,0.9957
31 Dec 2012,1,0.9957
30 Dec 2012,1,0.9954
29 Dec 2012,1,0.9954
28 Dec 2012,1,0.9954
27 Dec 2012,1,0.9917
26 Dec 2012,1,0.9929
25 Dec 2012,1,0.9929
24 Dec 2012,1,0.9929
23 Dec 2012,1,0.991
22 Dec 2012,1,0.991
21 Dec 2012,1,0.991
20 Dec 2012,1,0.9894
19 Dec 2012,1,0.9868
18 Dec 2012,1,0.9844
17 Dec 2012,1,0.9871
16 Dec 2012,1,0.9845
15 Dec 2012,1,0.9845
14 Dec 2012,1,0.9845
13 Dec 2012,1,0.9828
12 Dec 2012,1,0.9854
11 Dec 2012,1,0.9867
10 Dec 2012,1,0.9869
09 Dec 2012,1,0.9923
08 Dec 2012,1,0.9923
07 Dec 2012,1,0.9923
06 Dec 2012,1,0.9915
05 Dec 2012,1,0.992
04 Dec 2012,1,0.994
03 Dec 2012,1,0.9929
02 Dec 2012,1,0.9937
01 Dec 2012,1,0.9937
30 Nov 2012,1,0.9937
29 Nov 2012,1,0.9917
28 Nov 2012,1,0.9947
27 Nov 2012,1,0.9911
26 Nov 2012,1,0.9938
25 Nov 2012,1,0.9966
24 Nov 2012,1,0.9966
23 Nov 2012,1,0.9966
22 Nov 2012,1,0.996
21 Nov 2012,1,0.9976
20 Nov 2012,1,0.9958
19 Nov 2012,1,0.9986
18 Nov 2012,1,1.0006
17 Nov 2012,1,1.0006
16 Nov 2012,1,1.0006
15 Nov 2012,1,1.002
14 Nov 2012,1,1.0012
13 Nov 2012,1,1.001
12 Nov 2012,1,0.9992
11 Nov 2012,1,1.0028
10 Nov 2012,1,1.0028
09 Nov 2012,1,1.0028
08 Nov 2012,1,0.9964
07 Nov 2012,1,0.9934
06 Nov 2012,1,0.9939
05 Nov 2012,1,0.9965
04 Nov 2012,1,0.9948
03 Nov 2012,1,0.9948
02 Nov 2012,1,0.9948
01 Nov 2012,1,0.9995
31 Oct 2012,1,1.0009
30 Oct 2012,1,0.9999
29 Oct 2012,1,0.9998
28 Oct 2012,1,0.9967
27 Oct 2012,1,0.9967
26 Oct 2012,1,0.9967
25 Oct 2012,1,0.9916
24 Oct 2012,1,0.9896
23 Oct 2012,1,0.9966
22 Oct 2012,1,0.9942
21 Oct 2012,1,0.9885
20 Oct 2012,1,0.9885
19 Oct 2012,1,0.9885
18 Oct 2012,1,0.979
17 Oct 2012,1,0.9844
16 Oct 2012,1,0.9865
15 Oct 2012,1,0.9777
14 Oct 2012,1,0.9775
13 Oct 2012,1,0.9775
12 Oct 2012,1,0.9775
11 Oct 2012,1,0.9789
10 Oct 2012,1,0.9771
09 Oct 2012,1,0.9752
08 Oct 2012,1,0.9788
07 Oct 2012,1,0.9806
06 Oct 2012,1,0.9806
05 Oct 2012,1,0.9806
04 Oct 2012,1,0.987
03 Oct 2012,1,0.9863
02 Oct 2012,1,0.9817
01 Oct 2012,1,0.9837
30 Sep 2012,1,0.981
29 Sep 2012,1,0.981
28 Sep 2012,1,0.981
27 Sep 2012,1,0.9832
26 Sep 2012,1,0.9835
25 Sep 2012,1,0.9803
24 Sep 2012,1,0.9808
23 Sep 2012,1,0.9743
22 Sep 2012,1,0.9743
21 Sep 2012,1,0.9743
20 Sep 2012,1,0.9787
19 Sep 2012,1,0.9746
18 Sep 2012,1,0.9753
17 Sep 2012,1,0.973
16 Sep 2012,1,0.9643
15 Sep 2012,1,0.9643
14 Sep 2012,1,0.9643
13 Sep 2012,1,0.9759
12 Sep 2012,1,0.9744
11 Sep 2012,1,0.972
10 Sep 2012,1,0.9773
09 Sep 2012,1,0.9816
08 Sep 2012,1,0.9816
07 Sep 2012,1,0.9816
06 Sep 2012,1,0.9867
05 Sep 2012,1,0.9876
04 Sep 2012,1,0.985
03 Sep 2012,1,0.9866
02 Sep 2012,1,0.9902
01 Sep 2012,1,0.9902
31 Aug 2012,1,0.9902
30 Aug 2012,1,0.9912
29 Aug 2012,1,0.9886
28 Aug 2012,1,0.9873
27 Aug 2012,1,0.9899
26 Aug 2012,1,0.9934
25 Aug 2012,1,0.9934
24 Aug 2012,1,0.9934
23 Aug 2012,1,0.9909
22 Aug 2012,1,0.9925
21 Aug 2012,1,0.9857
20 Aug 2012,1,0.9892
19 Aug 2012,1,0.9885
18 Aug 2012,1,0.9885
17 Aug 2012,1,0.9885
16 Aug 2012,1,0.9886
15 Aug 2012,1,0.9918
14 Aug 2012,1,0.9918
13 Aug 2012,1,0.9916
12 Aug 2012,1,0.9943
11 Aug 2012,1,0.9943
10 Aug 2012,1,0.9943
09 Aug 2012,1,0.9942
08 Aug 2012,1,0.9978
07 Aug 2012,1,0.9978
06 Aug 2012,1,1.0005
05 Aug 2012,1,1.003
04 Aug 2012,1,1.003
03 Aug 2012,1,1.003
02 Aug 2012,1,1.0022
01 Aug 2012,1,1.0018
31 Jul 2012,1,1.0023
30 Jul 2012,1,1.0042
29 Jul 2012,1,1.0073
28 Jul 2012,1,1.0073
27 Jul 2012,1,1.0073
26 Jul 2012,1,1.0078
25 Jul 2012,1,1.0186
24 Jul 2012,1,1.018
23 Jul 2012,1,1.0173
22 Jul 2012,1,1.0101
21 Jul 2012,1,1.0101
20 Jul 2012,1,1.0101
19 Jul 2012,1,1.0072
18 Jul 2012,1,1.0135
17 Jul 2012,1,1.0148
16 Jul 2012,1,1.0156
15 Jul 2012,1,1.0169
14 Jul 2012,1,1.0169
13 Jul 2012,1,1.0169
12 Jul 2012,1,1.0232
11 Jul 2012,1,1.019
10 Jul 2012,1,1.0183
09 Jul 2012,1,1.0212
08 Jul 2012,1,1.0147
07 Jul 2012,1,1.0147
06 Jul 2012,1,1.0147
05 Jul 2012,1,1.0124
04 Jul 2012,1,1.0132
03 Jul 2012,1,1.0164
02 Jul 2012,1,1.0171
01 Jul 2012,1,1.0223
30 Jun 2012,1,1.0223
29 Jun 2012,1,1.0223
28 Jun 2012,1,1.0279
27 Jun 2012,1,1.0255
26 Jun 2012,1,1.028
25 Jun 2012,1,1.0299
24 Jun 2012,1,1.0282
23 Jun 2012,1,1.0282
22 Jun 2012,1,1.0282
21 Jun 2012,1,1.0187
20 Jun 2012,1,1.0169
19 Jun 2012,1,1.0214
18 Jun 2012,1,1.0258
17 Jun 2012,1,1.0242
16 Jun 2012,1,1.0242
15 Jun 2012,1,1.0242
14 Jun 2012,1,1.0266
13 Jun 2012,1,1.026
12 Jun 2012,1,1.0288
11 Jun 2012,1,1.0248
10 Jun 2012,1,1.0342
09 Jun 2012,1,1.0342
08 Jun 2012,1,1.0342
07 Jun 2012,1,1.0236
06 Jun 2012,1,1.034
05 Jun 2012,1,1.0403
04 Jun 2012,1,1.0391
03 Jun 2012,1,1.0383
02 Jun 2012,1,1.0383
01 Jun 2012,1,1.0383
31 May 2012,1,1.0289
30 May 2012,1,1.0278
29 May 2012,1,1.0249
28 May 2012,1,1.0243
27 May 2012,1,1.0274
26 May 2012,1,1.0274
25 May 2012,1,1.0274
24 May 2012,1,1.0255
23 May 2012,1,1.0222
22 May 2012,1,1.0164
21 May 2012,1,1.0233
20 May 2012,1,1.0171
19 May 2012,1,1.0171
18 May 2012,1,1.0171
17 May 2012,1,1.0139
16 May 2012,1,1.0074
15 May 2012,1,1.0009
14 May 2012,1,1.0037
13 May 2012,1,1.0041
12 May 2012,1,1.0041
11 May 2012,1,1.0041
10 May 2012,1,0.9988
09 May 2012,1,1.0044
08 May 2012,1,0.9956
07 May 2012,1,0.9962
06 May 2012,1,0.9889
05 May 2012,1,0.9889
04 May 2012,1,0.9889
03 May 2012,1,0.9843
02 May 2012,1,0.9883
01 May 2012,1,0.9827
30 Apr 2012,1,0.9827
29 Apr 2012,1,0.9824
28 Apr 2012,1,0.9824
27 Apr 2012,1,0.9824
26 Apr 2012,1,0.9813
25 Apr 2012,1,0.9856
24 Apr 2012,1,0.9893
23 Apr 2012,1,0.9972
22 Apr 2012,1,0.9911
21 Apr 2012,1,0.9911
20 Apr 2012,1,0.9911
19 Apr 2012,1,0.9912
18 Apr 2012,1,0.9903
17 Apr 2012,1,0.9962
16 Apr 2012,1,1.0004
15 Apr 2012,1,0.9939
14 Apr 2012,1,0.9939
13 Apr 2012,1,0.9939
12 Apr 2012,1,0.9984
11 Apr 2012,1,1.0027
10 Apr 2012,1,0.9983
09 Apr 2012,1,0.998
08 Apr 2012,1,0.998
07 Apr 2012,1,0.998
06 Apr 2012,1,0.998
05 Apr 2012,1,0.998
04 Apr 2012,1,0.9952
03 Apr 2012,1,0.9918
02 Apr 2012,1,0.9986
01 Apr 2012,1,0.9966
31 Mar 2012,1,0.9966
30 Mar 2012,1,0.9966
29 Mar 2012,1,0.9999
28 Mar 2012,1,0.9964
27 Mar 2012,1,0.9925
26 Mar 2012,1,0.996
25 Mar 2012,1,1.0016
24 Mar 2012,1,1.0016
23 Mar 2012,1,1.0016
22 Mar 2012,1,0.9988
21 Mar 2012,1,0.99
20 Mar 2012,1,0.9924
19 Mar 2012,1,0.9914
18 Mar 2012,1,0.9904
17 Mar 2012,1,0.9904
16 Mar 2012,1,0.9904
15 Mar 2012,1,0.9926
14 Mar 2012,1,0.9897
13 Mar 2012,1,0.992
12 Mar 2012,1,0.9929
11 Mar 2012,1,0.9924
10 Mar 2012,1,0.9924
09 Mar 2012,1,0.9924
08 Mar 2012,1,0.9952
07 Mar 2012,1,1.0015
06 Mar 2012,1,0.9988
05 Mar 2012,1,0.9931
04 Mar 2012,1,0.9869
03 Mar 2012,1,0.9869
02 Mar 2012,1,0.9869
01 Mar 2012,1,0.9856
29 Feb 2012,1,0.988
28 Feb 2012,1,0.9957
27 Feb 2012,1,1.0033
26 Feb 2012,1,0.9986
25 Feb 2012,1,0.9986
24 Feb 2012,1,0.9986
23 Feb 2012,1,0.9969
22 Feb 2012,1,0.9985
21 Feb 2012,1,0.9962
20 Feb 2012,1,0.9919
19 Feb 2012,1,0.995
18 Feb 2012,1,0.995
17 Feb 2012,1,0.995
16 Feb 2012,1,1.0034
15 Feb 2012,1,0.997
14 Feb 2012,1,0.9995
13 Feb 2012,1,0.9976
12 Feb 2012,1,1.0027
11 Feb 2012,1,1.0027
10 Feb 2012,1,1.0027
09 Feb 2012,1,0.9948
08 Feb 2012,1,0.9943
07 Feb 2012,1,0.9981
06 Feb 2012,1,0.9982
05 Feb 2012,1,1.0022
04 Feb 2012,1,1.0022
03 Feb 2012,1,1.0022
02 Feb 2012,1,1.0002
01 Feb 2012,1,0.9989
31 Jan 2012,1,0.9968
30 Jan 2012,1,1.0057
29 Jan 2012,1,0.9988
28 Jan 2012,1,0.9988
27 Jan 2012,1,0.9988
26 Jan 2012,1,1.0016
25 Jan 2012,1,1.0133
24 Jan 2012,1,1.0124
23 Jan 2012,1,1.0086
22 Jan 2012,1,1.0135
21 Jan 2012,1,1.0135
20 Jan 2012,1,1.0135
19 Jan 2012,1,1.0078
18 Jan 2012,1,1.0133
17 Jan 2012,1,1.0124
16 Jan 2012,1,1.0205
15 Jan 2012,1,1.0194
14 Jan 2012,1,1.0194
13 Jan 2012,1,1.0194
12 Jan 2012,1,1.0165
11 Jan 2012,1,1.0165
10 Jan 2012,1,1.0166
09 Jan 2012,1,1.0281
08 Jan 2012,1,1.0215
07 Jan 2012,1,1.0215
06 Jan 2012,1,1.0215
05 Jan 2012,1,1.0161
04 Jan 2012,1,1.0158
03 Jan 2012,1,1.012
02 Jan 2012,1,1.0201
01 Jan 2012,1,1.0213
31 Dec 2011,1,1.0213
30 Dec 2011,1,1.0213
29 Dec 2011,1,1.0233
28 Dec 2011,1,1.0149
27 Dec 2011,1,1.0194
26 Dec 2011,1,1.0193
25 Dec 2011,1,1.0193
24 Dec 2011,1,1.0193
23 Dec 2011,1,1.0193
22 Dec 2011,1,1.0247
21 Dec 2011,1,1.0282
20 Dec 2011,1,1.0332
19 Dec 2011,1,1.0357
18 Dec 2011,1,1.0331
17 Dec 2011,1,1.0331
16 Dec 2011,1,1.0331
15 Dec 2011,1,1.0354
14 Dec 2011,1,1.0371
13 Dec 2011,1,1.0263
12 Dec 2011,1,1.0245
11 Dec 2011,1,1.0217
10 Dec 2011,1,1.0217
09 Dec 2011,1,1.0217
08 Dec 2011,1,1.0084
07 Dec 2011,1,1.0105
06 Dec 2011,1,1.0184
05 Dec 2011,1,1.015
04 Dec 2011,1,1.0136
03 Dec 2011,1,1.0136
02 Dec 2011,1,1.0136
01 Dec 2011,1,1.0181
30 Nov 2011,1,1.0194
29 Nov 2011,1,1.0286
28 Nov 2011,1,1.034
27 Nov 2011,1,1.0516
26 Nov 2011,1,1.0516
25 Nov 2011,1,1.0516
24 Nov 2011,1,1.0442
23 Nov 2011,1,1.0431
22 Nov 2011,1,1.0387
21 Nov 2011,1,1.0356
20 Nov 2011,1,1.0223
19 Nov 2011,1,1.0223
18 Nov 2011,1,1.0223
17 Nov 2011,1,1.0253
16 Nov 2011,1,1.0257
15 Nov 2011,1,1.0247
14 Nov 2011,1,1.0166
13 Nov 2011,1,1.0188
12 Nov 2011,1,1.0188
11 Nov 2011,1,1.0188
10 Nov 2011,1,1.0203
09 Nov 2011,1,1.0202
08 Nov 2011,1,1.0135
07 Nov 2011,1,1.0174
06 Nov 2011,1,1.0194
05 Nov 2011,1,1.0194
04 Nov 2011,1,1.0194
03 Nov 2011,1,1.0073
02 Nov 2011,1,1.0122
01 Nov 2011,1,1.0167
31 Oct 2011,1,0.9949
30 Oct 2011,1,0.9938
29 Oct 2011,1,0.9938
28 Oct 2011,1,0.9938
27 Oct 2011,1,0.9947
26 Oct 2011,1,1.0134
25 Oct 2011,1,1.0006
24 Oct 2011,1,1.0059
23 Oct 2011,1,1.0115
22 Oct 2011,1,1.0115
21 Oct 2011,1,1.0115
20 Oct 2011,1,1.0151
19 Oct 2011,1,1.0111
18 Oct 2011,1,1.025
17 Oct 2011,1,1.013
16 Oct 2011,1,1.0147
15 Oct 2011,1,1.0147
14 Oct 2011,1,1.0147
13 Oct 2011,1,1.0221
12 Oct 2011,1,1.0167
11 Oct 2011,1,1.028
10 Oct 2011,1,1.0289
09 Oct 2011,1,1.0355
08 Oct 2011,1,1.0355
07 Oct 2011,1,1.0355
06 Oct 2011,1,1.0468
05 Oct 2011,1,1.0516
04 Oct 2011,1,1.0563
03 Oct 2011,1,1.048
02 Oct 2011,1,1.0446
01 Oct 2011,1,1.0446
30 Sep 2011,1,1.0446
29 Sep 2011,1,1.0319
28 Sep 2011,1,1.025
27 Sep 2011,1,1.0194
26 Sep 2011,1,1.0288
25 Sep 2011,1,1.0317
24 Sep 2011,1,1.0317
23 Sep 2011,1,1.0317
22 Sep 2011,1,1.0332
21 Sep 2011,1,0.9969
20 Sep 2011,1,0.9905
19 Sep 2011,1,0.984
18 Sep 2011,1,0.9856
17 Sep 2011,1,0.9856
16 Sep 2011,1,0.9856
15 Sep 2011,1,0.9884
14 Sep 2011,1,0.9894
13 Sep 2011,1,0.9927
12 Sep 2011,1,1.0009
11 Sep 2011,1,0.9928
10 Sep 2011,1,0.9928
09 Sep 2011,1,0.9928
08 Sep 2011,1,0.9844
07 Sep 2011,1,0.9887
06 Sep 2011,1,0.9924
05 Sep 2011,1,0.9888
04 Sep 2011,1,0.9782
03 Sep 2011,1,0.9782
02 Sep 2011,1,0.9782
01 Sep 2011,1,0.9768
31 Aug 2011,1,0.9786
30 Aug 2011,1,0.9791
29 Aug 2011,1,0.9772
28 Aug 2011,1,0.9888
27 Aug 2011,1,0.9888
26 Aug 2011,1,0.9888
25 Aug 2011,1,0.9858
24 Aug 2011,1,0.9884
23 Aug 2011,1,0.986
22 Aug 2011,1,0.9848
21 Aug 2011,1,0.9864
20 Aug 2011,1,0.9864
19 Aug 2011,1,0.9864
18 Aug 2011,1,0.9865
17 Aug 2011,1,0.9786
16 Aug 2011,1,0.9864
15 Aug 2011,1,0.9862
14 Aug 2011,1,0.9869
13 Aug 2011,1,0.9869
12 Aug 2011,1,0.9869
11 Aug 2011,1,0.9963
10 Aug 2011,1,0.9837
09 Aug 2011,1,0.9913
08 Aug 2011,1,0.9862
07 Aug 2011,1,0.9819
06 Aug 2011,1,0.9819
05 Aug 2011,1,0.9819
04 Aug 2011,1,0.9719
03 Aug 2011,1,0.9597
02 Aug 2011,1,0.9612
01 Aug 2011,1,0.9513
31 Jul 2011,1,0.9506
30 Jul 2011,1,0.9506
29 Jul 2011,1,0.9506
28 Jul 2011,1,0.9482
27 Jul 2011,1,0.9432
26 Jul 2011,1,0.9414
25 Jul 2011,1,0.9457
24 Jul 2011,1,0.9491
23 Jul 2011,1,0.9491
22 Jul 2011,1,0.9491
21 Jul 2011,1,0.9455
20 Jul 2011,1,0.9468
19 Jul 2011,1,0.9558
18 Jul 2011,1,0.9592
17 Jul 2011,1,0.9578
16 Jul 2011,1,0.9578
15 Jul 2011,1,0.9578
14 Jul 2011,1,0.9576
13 Jul 2011,1,0.9612
12 Jul 2011,1,0.972
11 Jul 2011,1,0.9695
10 Jul 2011,1,0.9581
09 Jul 2011,1,0.9581
08 Jul 2011,1,0.9581
07 Jul 2011,1,0.9643
06 Jul 2011,1,0.9661
05 Jul 2011,1,0.9632
04 Jul 2011,1,0.9599
03 Jul 2011,1,0.9638
02 Jul 2011,1,0.9638
01 Jul 2011,1,0.9638
30 Jun 2011,1,0.9653
29 Jun 2011,1,0.9731
28 Jun 2011,1,0.9866
27 Jun 2011,1,0.9895
26 Jun 2011,1,0.9818
25 Jun 2011,1,0.9818
24 Jun 2011,1,0.9818
23 Jun 2011,1,0.9742
22 Jun 2011,1,0.9729
21 Jun 2011,1,0.9756
20 Jun 2011,1,0.9838
19 Jun 2011,1,0.9788
18 Jun 2011,1,0.9788
17 Jun 2011,1,0.9788
16 Jun 2011,1,0.9887
15 Jun 2011,1,0.9699
14 Jun 2011,1,0.9741
13 Jun 2011,1,0.9775
12 Jun 2011,1,0.9716
11 Jun 2011,1,0.9716
10 Jun 2011,1,0.9716
09 Jun 2011,1,0.9784
08 Jun 2011,1,0.9811
07 Jun 2011,1,0.9758
06 Jun 2011,1,0.9809
05 Jun 2011,1,0.9785
04 Jun 2011,1,0.9785
03 Jun 2011,1,0.9785
02 Jun 2011,1,0.9775
01 Jun 2011,1,0.9681
31 May 2011,1,0.9722
30 May 2011,1,0.9758
29 May 2011,1,0.9762
28 May 2011,1,0.9762
27 May 2011,1,0.9762
26 May 2011,1,0.9779
25 May 2011,1,0.9786
24 May 2011,1,0.9781
23 May 2011,1,0.979
22 May 2011,1,0.9692
21 May 2011,1,0.9692
20 May 2011,1,0.9692
19 May 2011,1,0.9677
18 May 2011,1,0.9742
17 May 2011,1,0.9751
16 May 2011,1,0.9744
15 May 2011,1,0.9631
14 May 2011,1,0.9631
13 May 2011,1,0.9631
12 May 2011,1,0.9664
11 May 2011,1,0.9543
10 May 2011,1,0.9595
09 May 2011,1,0.9644
08 May 2011,1,0.9639
07 May 2011,1,0.9639
06 May 2011,1,0.9639
05 May 2011,1,0.9655
04 May 2011,1,0.9525
03 May 2011,1,0.9537
02 May 2011,1,0.9495
01 May 2011,1,0.949
30 Apr 2011,1,0.949
29 Apr 2011,1,0.949
28 Apr 2011,1,0.9507
27 Apr 2011,1,0.9523
26 Apr 2011,1,0.9529
25 Apr 2011,1,0.948
24 Apr 2011,1,0.948
23 Apr 2011,1,0.948
22 Apr 2011,1,0.948
21 Apr 2011,1,0.948
20 Apr 2011,1,0.9513
19 Apr 2011,1,0.9575
18 Apr 2011,1,0.9647
17 Apr 2011,1,0.9643
16 Apr 2011,1,0.9643
15 Apr 2011,1,0.9643
14 Apr 2011,1,0.9656
13 Apr 2011,1,0.9617
12 Apr 2011,1,0.9581
11 Apr 2011,1,0.9569
10 Apr 2011,1,0.9542
09 Apr 2011,1,0.9542
08 Apr 2011,1,0.9542
07 Apr 2011,1,0.9588
06 Apr 2011,1,0.959
05 Apr 2011,1,0.9654
04 Apr 2011,1,0.9634
03 Apr 2011,1,0.9678
02 Apr 2011,1,0.9678
01 Apr 2011,1,0.9678
31 Mar 2011,1,0.9703
30 Mar 2011,1,0.9705
29 Mar 2011,1,0.9766
28 Mar 2011,1,0.9787
27 Mar 2011,1,0.9761
26 Mar 2011,1,0.9761
25 Mar 2011,1,0.9761
24 Mar 2011,1,0.9779
23 Mar 2011,1,0.9826
22 Mar 2011,1,0.9789
21 Mar 2011,1,0.9765
20 Mar 2011,1,0.9833
19 Mar 2011,1,0.9833
18 Mar 2011,1,0.9833
17 Mar 2011,1,0.986
16 Mar 2011,1,0.9849
15 Mar 2011,1,0.9924
14 Mar 2011,1,0.9748
13 Mar 2011,1,0.9793
12 Mar 2011,1,0.9793
11 Mar 2011,1,0.9793
10 Mar 2011,1,0.971
09 Mar 2011,1,0.9679
08 Mar 2011,1,0.9742
07 Mar 2011,1,0.9706
06 Mar 2011,1,0.9726
05 Mar 2011,1,0.9726
04 Mar 2011,1,0.9726
03 Mar 2011,1,0.9725
02 Mar 2011,1,0.9743
01 Mar 2011,1,0.9698
28 Feb 2011,1,0.9784
27 Feb 2011,1,0.98
26 Feb 2011,1,0.98
25 Feb 2011,1,0.98
24 Feb 2011,1,0.9838
23 Feb 2011,1,0.9926
22 Feb 2011,1,0.9871
21 Feb 2011,1,0.9836
20 Feb 2011,1,0.9832
19 Feb 2011,1,0.9832
18 Feb 2011,1,0.9832
17 Feb 2011,1,0.9828
16 Feb 2011,1,0.9865
15 Feb 2011,1,0.9857
14 Feb 2011,1,0.9881
13 Feb 2011,1,0.9956
12 Feb 2011,1,0.9956
11 Feb 2011,1,0.9956
10 Feb 2011,1,0.9976
09 Feb 2011,1,0.9946
08 Feb 2011,1,0.9902
07 Feb 2011,1,0.9872
06 Feb 2011,1,0.9866
05 Feb 2011,1,0.9866
04 Feb 2011,1,0.9866
03 Feb 2011,1,0.9892
02 Feb 2011,1,0.9888
01 Feb 2011,1,0.9972
31 Jan 2011,1,0.9991
30 Jan 2011,1,0.9952
29 Jan 2011,1,0.9952
28 Jan 2011,1,0.9952
27 Jan 2011,1,0.9953
26 Jan 2011,1,0.9963
25 Jan 2011,1,0.9999
24 Jan 2011,1,0.9946
23 Jan 2011,1,0.9966
22 Jan 2011,1,0.9966
21 Jan 2011,1,0.9966
20 Jan 2011,1,0.9993
19 Jan 2011,1,0.9913
18 Jan 2011,1,0.9859
17 Jan 2011,1,0.9871
16 Jan 2011,1,0.9963
15 Jan 2011,1,0.9963
14 Jan 2011,1,0.9963
13 Jan 2011,1,0.9889
12 Jan 2011,1,0.9854
11 Jan 2011,1,0.9916
10 Jan 2011,1,0.9959
09 Jan 2011,1,0.9927
08 Jan 2011,1,0.9927
07 Jan 2011,1,0.9927
06 Jan 2011,1,0.9939
05 Jan 2011,1,1.0004
04 Jan 2011,1,0.9932
03 Jan 2011,1,0.9913
02 Jan 2011,1,0.997
01 Jan 2011,1,0.997
31 Dec 2010,1,0.997
30 Dec 2010,1,0.9996
29 Dec 2010,1,1.0014
28 Dec 2010,1,1.002
27 Dec 2010,1,1.0079
26 Dec 2010,1,1.0105
25 Dec 2010,1,1.0105
24 Dec 2010,1,1.0105
23 Dec 2010,1,1.016
22 Dec 2010,1,1.016
21 Dec 2010,1,1.0194
20 Dec 2010,1,1.0129
19 Dec 2010,1,1.0074
18 Dec 2010,1,1.0074
17 Dec 2010,1,1.0074
16 Dec 2010,1,1.0045
15 Dec 2010,1,1.006
14 Dec 2010,1,1.0071
13 Dec 2010,1,1.0069
12 Dec 2010,1,1.0096
11 Dec 2010,1,1.0096
10 Dec 2010,1,1.0096
09 Dec 2010,1,1.0106
08 Dec 2010,1,1.0122
07 Dec 2010,1,1.0017
06 Dec 2010,1,1.0065
05 Dec 2010,1,1.0017
04 Dec 2010,1,1.0017
03 Dec 2010,1,1.0017
02 Dec 2010,1,1.0103
01 Dec 2010,1,1.0187
30 Nov 2010,1,1.0237
29 Nov 2010,1,1.0215
28 Nov 2010,1,1.0225
27 Nov 2010,1,1.0225
26 Nov 2010,1,1.0225
25 Nov 2010,1,1.01
24 Nov 2010,1,1.0163
23 Nov 2010,1,1.0225
22 Nov 2010,1,1.016
21 Nov 2010,1,1.0207
20 Nov 2010,1,1.0207
19 Nov 2010,1,1.0207
18 Nov 2010,1,1.0182
17 Nov 2010,1,1.022
16 Nov 2010,1,1.0151
15 Nov 2010,1,1.009
14 Nov 2010,1,1.0102
13 Nov 2010,1,1.0102
12 Nov 2010,1,1.0102
11 Nov 2010,1,1.0031
10 Nov 2010,1,1.0045
09 Nov 2010,1,0.999
08 Nov 2010,1,1.0031
07 Nov 2010,1,1.0011
06 Nov 2010,1,1.0011
05 Nov 2010,1,1.0011
04 Nov 2010,1,1.0018
03 Nov 2010,1,1.0087
02 Nov 2010,1,1.0107
01 Nov 2010,1,1.0168
31 Oct 2010,1,1.0211
30 Oct 2010,1,1.0211
29 Oct 2010,1,1.0211
28 Oct 2010,1,1.0244
27 Oct 2010,1,1.0295
26 Oct 2010,1,1.0239
25 Oct 2010,1,1.0185
24 Oct 2010,1,1.0262
23 Oct 2010,1,1.0262
22 Oct 2010,1,1.0262
21 Oct 2010,1,1.0203
20 Oct 2010,1,1.0288
19 Oct 2010,1,1.0258
18 Oct 2010,1,1.0213
17 Oct 2010,1,1.0054
16 Oct 2010,1,1.0054
15 Oct 2010,1,1.0054
14 Oct 2010,1,0.9991
13 Oct 2010,1,1.0029
12 Oct 2010,1,1.0137
11 Oct 2010,1,1.0118
